date,dma,sessions,direct_sessions,organic_sessions,paid_sessions,social_sessions,conversions,revenue
2023-01-01,Atlanta,437,58,34,5,336,10,1371.79
2023-01-01,Chicago,872,280,151,24,408,20,2632.23
2023-01-01,Dallas,453,66,39,8,327,15,1876.05
2023-01-01,Houston,477,69,44,4,347,14,1846.04
2023-01-01,Los_Angeles,1186,317,228,90,543,33,4352.09
2023-01-01,New_York,1533,437,321,146,619,29,4053.19
2023-01-01,Philadelphia,665,165,100,17,371,18,2350.99
2023-01-01,Phoenix,451,63,36,0,344,7,971.5699999999999
2023-01-02,Atlanta,479,79,45,8,339,10,1363.3
2023-01-02,Chicago,843,197,140,48,445,12,1579.02
2023-01-02,Dallas,560,99,64,16,373,13,1725.84
2023-01-02,Houston,581,101,76,16,384,10,1417.94
2023-01-02,Los_Angeles,1465,410,309,143,586,30,4132.99
2023-01-02,New_York,1943,596,434,221,669,62,8128.59
2023-01-02,Philadelphia,706,150,97,28,417,19,2405.47
2023-01-02,Phoenix,505,76,53,7,361,8,1080.57
2023-01-03,Atlanta,688,148,92,28,400,15,2036.34
2023-01-03,Chicago,1125,276,212,89,537,28,3439.08
2023-01-03,Dallas,926,285,158,24,433,19,2645.92
2023-01-03,Houston,751,170,108,32,425,18,2415.78
2023-01-03,Los_Angeles,1947,586,439,228,683,36,4834.25
2023-01-03,New_York,2686,904,645,333,777,53,7000.74
2023-01-03,Philadelphia,973,237,168,62,490,19,2711.46
2023-01-03,Phoenix,623,116,74,12,407,21,2982.2
2023-01-04,Atlanta,668,124,89,22,415,16,2044.86
2023-01-04,Chicago,1135,297,212,90,514,28,3760.13
2023-01-04,Dallas,741,154,107,37,428,17,2271.81
2023-01-04,Houston,752,162,114,32,429,16,2161.47
2023-01-04,Los_Angeles,1902,574,437,209,665,58,7884.7
2023-01-04,New_York,2686,917,635,326,768,65,8919.94
2023-01-04,Philadelphia,932,218,158,56,485,22,2944.49
2023-01-04,Phoenix,652,119,87,21,417,19,2682.25
2023-01-05,Atlanta,698,136,100,23,428,17,2088.93
2023-01-05,Chicago,1144,296,221,86,522,26,3534.29
2023-01-05,Dallas,729,143,107,28,443,17,2142.49
2023-01-05,Houston,811,174,121,38,461,12,1663.65
2023-01-05,Los_Angeles,2175,718,490,237,700,51,6568.54
2023-01-05,New_York,2629,862,630,343,773,69,8946.79
2023-01-05,Philadelphia,940,219,176,57,473,21,2672.98
2023-01-05,Phoenix,684,133,108,37,399,16,2112.85
2023-01-06,Atlanta,716,151,109,35,412,15,2017.34
2023-01-06,Chicago,1183,312,229,90,538,42,5911.1900000000005
2023-01-06,Dallas,801,172,123,42,454,14,1885.44
2023-01-06,Houston,856,195,139,47,466,20,2716.72
2023-01-06,Los_Angeles,2181,689,498,260,713,52,7054.62
2023-01-06,New_York,2709,866,662,379,795,73,9641.94
2023-01-06,Philadelphia,1076,266,203,78,518,22,3029.55
2023-01-06,Phoenix,659,124,93,28,411,15,2190.83
2023-01-07,Atlanta,557,86,73,15,375,15,2175.04
2023-01-07,Chicago,1056,285,195,65,493,31,4405.0
2023-01-07,Dallas,653,131,91,27,390,18,2631.98
2023-01-07,Houston,724,156,108,35,412,18,2465.91
2023-01-07,Los_Angeles,1687,494,367,169,641,46,5995.05
2023-01-07,New_York,2187,695,506,268,702,51,7163.18
2023-01-07,Philadelphia,763,173,119,35,421,15,2042.68
2023-01-07,Phoenix,531,83,56,14,372,17,2105.6
2023-01-08,Atlanta,584,109,70,15,380,8,1055.69
2023-01-08,Chicago,893,208,142,53,470,20,2631.39
2023-01-08,Dallas,726,197,115,19,376,22,2877.98
2023-01-08,Houston,669,136,95,31,387,11,1467.08
2023-01-08,Los_Angeles,1580,461,330,156,615,37,5146.65
2023-01-08,New_York,2108,685,483,231,687,42,5697.71
2023-01-08,Philadelphia,742,153,115,38,421,18,2356.3
2023-01-08,Phoenix,477,62,50,7,347,15,2126.62
2023-01-09,Atlanta,625,116,91,22,391,15,1989.33
2023-01-09,Chicago,1044,262,192,80,506,38,5194.3
2023-01-09,Dallas,921,281,164,36,424,22,3303.24
2023-01-09,Houston,742,160,122,32,418,20,2555.13
2023-01-09,Los_Angeles,1974,608,443,225,684,37,5014.67
2023-01-09,New_York,2555,826,620,340,759,57,7441.85
2023-01-09,Philadelphia,856,186,148,45,471,21,2851.35
2023-01-09,Phoenix,595,110,81,20,378,15,2121.19
2023-01-10,Atlanta,617,107,84,16,407,15,2085.87
2023-01-10,Chicago,1146,300,223,85,523,23,3134.0299999999997
2023-01-10,Dallas,761,150,116,31,457,23,3102.18
2023-01-10,Houston,768,161,120,34,439,16,2368.34
2023-01-10,Los_Angeles,1917,587,423,209,685,60,7888.34
2023-01-10,New_York,2534,835,605,324,752,59,8103.49
2023-01-10,Philadelphia,948,225,158,60,492,21,3003.98
2023-01-10,Phoenix,622,117,79,17,401,17,2371.73
2023-01-11,Atlanta,801,199,128,29,420,24,3316.02
2023-01-11,Chicago,1130,284,213,87,528,36,4547.92
2023-01-11,Dallas,719,145,113,31,414,17,2081.09
2023-01-11,Houston,791,172,121,44,440,21,3059.42
2023-01-11,Los_Angeles,2124,698,495,231,677,59,7902.29
2023-01-11,New_York,2719,941,650,312,778,59,7754.62
2023-01-11,Philadelphia,896,209,151,56,462,27,3553.6800000000003
2023-01-11,Phoenix,584,104,74,14,382,21,2774.39
2023-01-12,Atlanta,850,256,139,29,404,26,3882.2
2023-01-12,Chicago,1222,324,239,103,541,28,3696.8
2023-01-12,Dallas,797,185,130,32,432,27,3504.4
2023-01-12,Houston,774,157,110,35,460,15,2173.16
2023-01-12,Los_Angeles,2058,636,464,231,700,50,6596.42
2023-01-12,New_York,2769,917,669,360,799,82,11272.46
2023-01-12,Philadelphia,998,244,176,67,495,30,3793.96
2023-01-12,Phoenix,724,161,108,24,412,16,2378.48
2023-01-13,Atlanta,737,157,108,37,425,21,2841.8
2023-01-13,Chicago,1282,336,254,113,563,42,5861.28
2023-01-13,Dallas,754,160,118,34,431,22,2921.99
2023-01-13,Houston,821,185,128,42,449,27,3570.09
2023-01-13,Los_Angeles,2164,664,499,260,726,57,7921.08
2023-01-13,New_York,2788,898,684,374,819,80,10754.66
2023-01-13,Philadelphia,1042,256,190,82,506,27,3674.56
2023-01-13,Phoenix,686,135,96,32,415,17,2287.99
2023-01-14,Atlanta,576,105,69,19,377,14,1796.94
2023-01-14,Chicago,1006,249,176,64,506,16,2042.8400000000001
2023-01-14,Dallas,596,106,79,17,390,16,2214.7
2023-01-14,Houston,634,108,83,23,415,10,1429.84
2023-01-14,Los_Angeles,1828,593,410,179,628,51,6870.4400000000005
2023-01-14,New_York,2165,676,490,269,713,53,7145.93
2023-01-14,Philadelphia,963,313,178,37,428,24,3246.72
2023-01-14,Phoenix,529,84,59,11,373,8,1243.28
2023-01-15,Atlanta,546,87,64,11,381,8,967.02
2023-01-15,Chicago,868,199,141,57,468,28,3686.17
2023-01-15,Dallas,593,111,78,12,382,15,1957.01
2023-01-15,Houston,551,92,61,17,376,9,1207.12
2023-01-15,Los_Angeles,1508,426,319,149,603,33,4572.65
2023-01-15,New_York,2115,654,492,255,700,55,6875.15
2023-01-15,Philadelphia,777,166,113,38,441,19,2334.42
2023-01-15,Phoenix,698,194,112,15,368,23,3603.2000000000003
2023-01-16,Atlanta,451,52,42,6,345,14,1943.02
2023-01-16,Chicago,841,190,135,47,460,22,2788.88
2023-01-16,Dallas,665,150,96,23,391,13,1787.0900000000001
2023-01-16,Houston,665,156,93,16,389,18,2298.56
2023-01-16,Los_Angeles,1441,408,292,138,583,36,5088.51
2023-01-16,New_York,2073,684,479,220,670,51,7018.01
2023-01-16,Philadelphia,707,141,106,28,424,18,2516.64
2023-01-16,Phoenix,547,108,62,7,361,5,700.4300000000001
2023-01-17,Atlanta,674,131,91,23,421,17,2473.87
2023-01-17,Chicago,1083,276,196,80,521,22,2771.36
2023-01-17,Dallas,731,155,109,37,423,27,3902.96
2023-01-17,Houston,769,172,121,40,426,19,2608.76
2023-01-17,Los_Angeles,1934,590,436,219,672,48,6075.83
2023-01-17,New_York,2555,837,608,323,772,64,8791.64
2023-01-17,Philadelphia,970,241,169,57,490,27,3656.71
2023-01-17,Phoenix,619,107,88,22,396,11,1561.94
2023-01-18,Atlanta,735,179,110,23,405,17,2605.71
2023-01-18,Chicago,1123,286,208,82,535,33,4341.24
2023-01-18,Dallas,735,158,106,32,423,16,1905.3700000000001
2023-01-18,Houston,751,156,109,35,441,15,2092.71
2023-01-18,Los_Angeles,1946,597,439,220,676,57,7658.99
2023-01-18,New_York,2603,844,630,336,771,48,6603.89
2023-01-18,Philadelphia,965,248,161,59,475,19,2958.82
2023-01-18,Phoenix,711,161,106,17,415,20,2591.4100000000003
2023-01-19,Atlanta,676,131,94,28,412,12,1542.3
2023-01-19,Chicago,1210,324,231,91,550,34,4637.35
2023-01-19,Dallas,715,146,105,35,416,16,2161.5
2023-01-19,Houston,737,154,111,33,433,20,2802.44
2023-01-19,Los_Angeles,2064,648,472,238,688,52,6836.47
2023-01-19,New_York,2645,853,626,362,789,68,9223.89
2023-01-19,Philadelphia,1040,290,186,68,471,29,4073.6
2023-01-19,Phoenix,648,126,94,23,396,14,1928.92
2023-01-20,Atlanta,757,163,116,31,438,11,1477.59
2023-01-20,Chicago,1182,296,225,108,546,35,4632.05
2023-01-20,Dallas,762,160,111,37,447,17,2266.69
2023-01-20,Houston,855,184,148,57,458,19,2631.92
2023-01-20,Los_Angeles,2038,622,464,253,693,57,7430.85
2023-01-20,New_York,2648,837,638,360,810,65,8677.1
2023-01-20,Philadelphia,977,231,169,68,504,28,3810.81
2023-01-20,Phoenix,653,128,86,21,414,14,1850.16
2023-01-21,Atlanta,614,109,77,15,402,12,1554.16
2023-01-21,Chicago,896,207,149,49,484,18,2291.68
2023-01-21,Dallas,689,168,97,19,390,21,2778.8
2023-01-21,Houston,651,126,89,27,401,19,2691.69
2023-01-21,Los_Angeles,1876,629,422,169,634,48,6283.35
2023-01-21,New_York,2251,725,526,268,718,47,6307.11
2023-01-21,Philadelphia,756,149,115,41,444,18,2438.59
2023-01-21,Phoenix,571,95,66,13,385,14,1896.95
2023-01-22,Atlanta,574,111,57,11,379,11,1536.3
2023-01-22,Chicago,913,234,152,43,465,14,1946.8
2023-01-22,Dallas,591,103,76,21,382,11,1550.99
2023-01-22,Houston,566,108,66,12,372,18,2568.81
2023-01-22,Los_Angeles,1700,508,366,166,632,48,6531.54
2023-01-22,New_York,2083,647,477,243,699,62,8519.35
2023-01-22,Philadelphia,679,128,99,28,411,9,1160.8600000000001
2023-01-22,Phoenix,602,142,77,16,353,21,2745.68
2023-01-23,Atlanta,666,132,88,21,415,17,2279.9900000000002
2023-01-23,Chicago,1154,296,223,90,531,38,5450.12
2023-01-23,Dallas,811,205,126,28,427,26,3551.86
2023-01-23,Houston,833,182,128,40,468,20,2667.7200000000003
2023-01-23,Los_Angeles,1939,584,437,219,682,50,6434.2300000000005
2023-01-23,New_York,2508,790,596,334,775,54,7707.98
2023-01-23,Philadelphia,914,216,146,51,478,17,2650.77
2023-01-23,Phoenix,598,95,72,17,403,18,2377.14
2023-01-24,Atlanta,662,130,93,29,405,20,2484.47
2023-01-24,Chicago,1138,291,220,88,527,21,2875.3
2023-01-24,Dallas,720,140,112,34,426,15,2070.92
2023-01-24,Houston,769,156,115,38,452,18,2413.0299999999997
2023-01-24,Los_Angeles,1844,548,413,212,665,32,4243.97
2023-01-24,New_York,2482,784,595,325,764,53,7272.28
2023-01-24,Philadelphia,913,204,158,57,485,23,3088.91
2023-01-24,Phoenix,596,97,75,14,407,13,1846.06
2023-01-25,Atlanta,722,153,99,31,426,19,2860.62
2023-01-25,Chicago,1134,294,211,81,535,23,3088.14
2023-01-25,Dallas,713,143,107,32,423,10,1476.58
2023-01-25,Houston,883,224,146,40,458,25,3416.88
2023-01-25,Los_Angeles,1995,611,452,232,681,48,6520.02
2023-01-25,New_York,2664,889,641,334,771,66,8698.960000000001
2023-01-25,Philadelphia,903,202,155,65,473,26,3356.05
2023-01-25,Phoenix,589,95,79,19,390,15,2026.46
2023-01-26,Atlanta,693,139,103,35,409,24,3231.93
2023-01-26,Chicago,1244,337,240,104,550,34,4655.01
2023-01-26,Dallas,742,149,113,32,441,21,2757.99
2023-01-26,Houston,780,171,126,39,444,16,2184.63
2023-01-26,Los_Angeles,2111,672,478,249,702,53,7340.25
2023-01-26,New_York,2674,861,640,365,799,71,10020.53
2023-01-26,Philadelphia,1036,273,198,68,487,34,4599.76
2023-01-26,Phoenix,689,152,105,26,397,24,3068.0099999999998
2023-01-27,Atlanta,723,142,120,35,417,24,3266.69
2023-01-27,Chicago,1255,334,242,113,556,27,3751.0
2023-01-27,Dallas,757,168,112,25,432,26,3530.58
2023-01-27,Houston,855,188,149,51,456,12,1688.67
2023-01-27,Los_Angeles,2115,645,488,257,709,52,7192.58
2023-01-27,New_York,2902,956,704,393,831,65,8819.45
2023-01-27,Philadelphia,996,250,166,66,495,24,3084.51
2023-01-27,Phoenix,691,138,104,23,414,19,2487.8
2023-01-28,Atlanta,582,104,76,17,377,14,1840.5700000000002
2023-01-28,Chicago,1055,291,188,65,498,24,3087.7599999999998
2023-01-28,Dallas,583,93,79,16,390,14,1907.19
2023-01-28,Houston,674,134,98,32,399,20,2533.13
2023-01-28,Los_Angeles,1649,484,353,168,634,35,4557.69
2023-01-28,New_York,2172,675,495,273,713,48,6423.71
2023-01-28,Philadelphia,837,191,132,49,455,34,5001.27
2023-01-28,Phoenix,604,135,75,15,366,10,1448.57
2023-01-29,Atlanta,580,94,68,12,403,11,1664.04
2023-01-29,Chicago,972,229,167,67,495,24,3215.31
2023-01-29,Dallas,560,92,68,16,375,17,2297.59
2023-01-29,Houston,615,112,74,19,399,8,1126.21
2023-01-29,Los_Angeles,1534,435,324,150,617,27,3540.84
2023-01-29,New_York,1989,605,444,235,690,44,6493.4400000000005
2023-01-29,Philadelphia,756,146,120,38,449,24,3126.96
2023-01-29,Phoenix,481,73,48,8,348,10,1328.91
2023-01-30,Atlanta,665,124,90,27,419,20,2676.88
2023-01-30,Chicago,1111,287,214,85,515,24,3158.75
2023-01-30,Dallas,741,158,115,32,427,21,2831.95
2023-01-30,Houston,771,165,121,35,440,24,3182.09
2023-01-30,Los_Angeles,1936,596,430,221,676,54,7456.11
2023-01-30,New_York,2659,870,643,349,778,67,9363.65
2023-01-30,Philadelphia,946,225,161,63,487,17,2339.79
2023-01-30,Phoenix,618,103,77,20,410,18,2373.04
2023-01-31,Atlanta,679,131,105,26,408,15,1940.26
2023-01-31,Chicago,1095,271,195,87,530,24,3163.05
2023-01-31,Dallas,753,153,119,37,432,21,2849.77
2023-01-31,Houston,732,157,106,38,418,13,1675.66
2023-01-31,Los_Angeles,1909,587,427,210,667,43,5701.16
2023-01-31,New_York,2492,798,592,329,755,52,7029.2
2023-01-31,Philadelphia,911,204,150,53,494,22,3145.17
2023-01-31,Phoenix,633,113,86,20,406,23,3154.92
2023-02-01,Atlanta,560,119,78,16,342,17,2254.16
2023-02-01,Chicago,995,242,189,60,502,17,2085.59
2023-02-01,Dallas,573,102,77,21,369,12,1718.12
2023-02-01,Houston,672,123,96,24,428,25,3631.07
2023-02-01,Los_Angeles,1690,484,369,184,649,40,5493.96
2023-02-01,New_York,2146,653,495,268,724,52,6983.37
2023-02-01,Philadelphia,832,192,130,44,459,24,3264.14
2023-02-01,Phoenix,558,87,68,15,386,11,1382.13
2023-02-02,Atlanta,634,115,84,18,408,17,2299.36
2023-02-02,Chicago,1102,271,204,85,527,24,3185.35
2023-02-02,Dallas,643,124,92,25,395,10,1248.03
2023-02-02,Houston,680,129,91,31,424,21,2614.87
2023-02-02,Los_Angeles,1742,516,388,180,637,42,5462.36
2023-02-02,New_York,2356,728,558,298,756,62,8364.85
2023-02-02,Philadelphia,873,197,148,54,463,21,2947.63
2023-02-02,Phoenix,558,98,75,11,368,16,2341.06
2023-02-03,Atlanta,616,112,86,24,389,17,2117.76
2023-02-03,Chicago,1048,251,189,83,525,24,3419.27
2023-02-03,Dallas,680,131,97,29,417,17,2284.92
2023-02-03,Houston,743,156,115,38,428,25,3419.7
2023-02-03,Los_Angeles,1884,561,425,219,669,52,7420.7699999999995
2023-02-03,New_York,2437,772,583,318,756,58,7587.48
2023-02-03,Philadelphia,901,208,146,56,486,24,3389.18
2023-02-03,Phoenix,585,102,74,13,389,11,1438.9
2023-02-04,Atlanta,509,74,52,13,362,13,1874.12
2023-02-04,Chicago,942,258,161,46,463,25,3337.61
2023-02-04,Dallas,541,98,71,10,354,17,2258.42
2023-02-04,Houston,560,94,62,12,389,11,1616.69
2023-02-04,Los_Angeles,1382,396,288,128,557,42,5648.57
2023-02-04,New_York,1883,569,421,213,668,42,5811.41
2023-02-04,Philadelphia,640,121,87,20,404,13,1814.28
2023-02-04,Phoenix,472,64,49,11,344,16,2161.76
2023-02-05,Atlanta,466,62,47,7,344,11,1458.48
2023-02-05,Chicago,756,153,119,38,440,23,3375.38
2023-02-05,Dallas,501,74,56,5,364,12,1530.48
2023-02-05,Houston,551,93,66,13,373,16,2242.68
2023-02-05,Los_Angeles,1367,376,274,123,584,42,5653.86
2023-02-05,New_York,1848,579,418,186,649,48,6340.88
2023-02-05,Philadelphia,676,136,97,24,411,15,2186.37
2023-02-05,Phoenix,437,53,35,6,341,7,880.81
2023-02-06,Atlanta,599,103,73,15,398,14,1911.45
2023-02-06,Chicago,1034,276,181,58,501,23,3049.67
2023-02-06,Dallas,661,132,100,27,395,13,1818.51
2023-02-06,Houston,663,133,98,20,400,14,1925.33
2023-02-06,Los_Angeles,1757,557,376,168,628,48,6482.09
2023-02-06,New_York,2392,783,559,285,740,56,7835.6900000000005
2023-02-06,Philadelphia,777,160,126,41,444,28,3800.56
2023-02-06,Phoenix,512,84,57,7,354,12,1573.21
2023-02-07,Atlanta,599,109,78,20,390,14,1933.4
2023-02-07,Chicago,1046,287,192,72,487,22,2847.38
2023-02-07,Dallas,617,113,93,23,380,13,1811.54
2023-02-07,Houston,702,139,99,30,427,17,2370.38
2023-02-07,Los_Angeles,1660,482,353,176,635,52,6862.84
2023-02-07,New_York,2213,702,507,263,726,73,9998.94
2023-02-07,Philadelphia,853,198,129,44,471,23,3156.2
2023-02-07,Phoenix,635,147,84,10,385,17,2413.39
2023-02-08,Atlanta,594,103,82,18,389,14,1851.51
2023-02-08,Chicago,948,232,165,52,490,21,2936.87
2023-02-08,Dallas,635,123,88,18,400,12,1453.8
2023-02-08,Houston,702,145,100,30,418,16,2155.38
2023-02-08,Los_Angeles,1676,486,361,183,643,43,5536.73
2023-02-08,New_York,2191,675,507,277,722,46,6217.76
2023-02-08,Philadelphia,793,176,128,43,439,18,2442.68
2023-02-08,Phoenix,521,80,57,17,361,13,1712.8700000000001
2023-02-09,Atlanta,590,103,76,24,380,9,1323.3600000000001
2023-02-09,Chicago,985,232,175,63,504,35,4708.01
2023-02-09,Dallas,680,145,97,25,399,16,2188.89
2023-02-09,Houston,700,135,104,32,421,16,2311.9
2023-02-09,Los_Angeles,1747,508,379,195,653,46,6081.66
2023-02-09,New_York,2290,702,544,292,741,58,7993.48
2023-02-09,Philadelphia,827,183,135,51,447,26,3619.29
2023-02-09,Phoenix,551,97,62,19,368,9,1133.14
2023-02-10,Atlanta,626,119,77,24,397,16,2040.97
2023-02-10,Chicago,1124,288,211,93,525,27,3739.46
2023-02-10,Dallas,696,141,106,25,418,20,2855.93
2023-02-10,Houston,721,149,111,36,421,13,1644.5
2023-02-10,Los_Angeles,1880,572,413,218,669,48,6215.32
2023-02-10,New_York,2504,799,598,320,771,68,8893.02
2023-02-10,Philadelphia,898,211,150,55,474,26,3464.38
2023-02-10,Phoenix,760,219,122,19,392,30,3885.91
2023-02-11,Atlanta,513,86,55,8,349,10,1403.84
2023-02-11,Chicago,820,181,126,39,462,17,2373.67
2023-02-11,Dallas,629,149,86,12,376,24,3402.67
2023-02-11,Houston,520,80,59,10,364,17,2277.9
2023-02-11,Los_Angeles,1407,391,292,142,574,34,4708.24
2023-02-11,New_York,1871,569,415,218,660,36,4842.62
2023-02-11,Philadelphia,762,185,117,27,416,23,2981.45
2023-02-11,Phoenix,436,55,37,6,329,8,1092.41
2023-02-12,Atlanta,426,68,26,3,312,9,1274.47
2023-02-12,Chicago,618,119,83,14,388,20,2941.48
2023-02-12,Dallas,398,51,26,6,304,14,1863.58
2023-02-12,Houston,477,77,36,9,338,15,1939.98
2023-02-12,Los_Angeles,1190,356,228,78,498,34,4868.97
2023-02-12,New_York,1483,479,303,114,565,44,6063.42
2023-02-12,Philadelphia,511,89,50,13,349,11,1532.95
2023-02-12,Phoenix,354,32,24,1,292,9,1177.81
2023-02-13,Atlanta,784,227,135,17,389,30,4312.89
2023-02-13,Chicago,985,236,169,71,501,24,3204.42
2023-02-13,Dallas,636,124,100,20,385,22,2861.62
2023-02-13,Houston,670,120,86,24,428,17,2419.62
2023-02-13,Los_Angeles,1823,574,401,183,643,52,7377.22
2023-02-13,New_York,2269,712,529,298,723,47,6264.54
2023-02-13,Philadelphia,819,176,130,46,458,21,2753.32
2023-02-13,Phoenix,686,181,103,18,366,16,2310.37
2023-02-14,Atlanta,599,116,83,17,374,16,2254.34
2023-02-14,Chicago,941,224,156,61,491,26,3491.38
2023-02-14,Dallas,636,116,91,21,396,16,2072.61
2023-02-14,Houston,626,116,91,27,386,17,2359.92
2023-02-14,Los_Angeles,1680,495,360,183,628,38,5106.51
2023-02-14,New_York,2175,672,503,274,712,55,7651.07
2023-02-14,Philadelphia,853,191,137,51,465,20,2832.48
2023-02-14,Phoenix,564,97,68,12,379,17,2407.69
2023-02-15,Atlanta,597,104,83,16,388,9,1216.67
2023-02-15,Chicago,941,224,165,58,486,19,2406.86
2023-02-15,Dallas,624,115,80,24,402,15,1944.84
2023-02-15,Houston,619,113,93,27,379,15,1872.26
2023-02-15,Los_Angeles,1703,492,369,187,644,49,6306.71
2023-02-15,New_York,2199,696,509,260,720,66,8713.98
2023-02-15,Philadelphia,800,177,134,42,440,13,1808.78
2023-02-15,Phoenix,575,99,72,15,386,19,2447.92
2023-02-16,Atlanta,589,98,74,23,389,13,1594.98
2023-02-16,Chicago,990,239,182,71,492,19,2536.44
2023-02-16,Dallas,666,133,88,31,409,14,1953.17
2023-02-16,Houston,738,152,118,44,419,17,2413.1800000000003
2023-02-16,Los_Angeles,1732,505,394,194,636,35,4848.33
2023-02-16,New_York,2282,712,532,292,741,52,6905.64
2023-02-16,Philadelphia,862,201,140,55,455,24,3582.5699999999997
2023-02-16,Phoenix,530,86,55,16,367,11,1417.13
2023-02-17,Atlanta,579,96,74,15,392,15,2070.06
2023-02-17,Chicago,1086,273,197,84,529,22,2862.9
2023-02-17,Dallas,668,138,97,29,399,13,1700.19
2023-02-17,Houston,715,138,102,29,442,14,1769.69
2023-02-17,Los_Angeles,1915,594,422,210,683,45,5972.27
2023-02-17,New_York,2485,768,601,323,788,76,10179.88
2023-02-17,Philadelphia,845,189,138,45,473,25,3427.2
2023-02-17,Phoenix,577,96,75,22,383,18,2626.19
2023-02-18,Atlanta,550,92,64,15,371,12,1718.12
2023-02-18,Chicago,822,180,129,43,458,25,3474.12
2023-02-18,Dallas,582,105,72,13,377,22,2870.8
2023-02-18,Houston,587,93,72,11,400,15,2052.86
2023-02-18,Los_Angeles,1579,490,338,138,583,43,5675.71
2023-02-18,New_York,1962,604,458,208,676,51,7491.92
2023-02-18,Philadelphia,707,141,98,32,421,22,3018.0
2023-02-18,Phoenix,512,87,52,9,358,8,1087.8
2023-02-19,Atlanta,466,65,46,5,345,16,2137.4
2023-02-19,Chicago,1048,337,198,43,459,19,2287.32
2023-02-19,Dallas,504,78,54,14,352,15,2244.03
2023-02-19,Houston,568,100,67,22,377,13,1732.49
2023-02-19,Los_Angeles,1528,479,322,137,583,35,4650.04
2023-02-19,New_York,1730,504,380,193,650,49,6785.73
2023-02-19,Philadelphia,597,112,74,17,389,18,2232.23
2023-02-19,Phoenix,481,71,49,5,356,17,2248.36
2023-02-20,Atlanta,461,63,41,4,347,12,1591.54
2023-02-20,Chicago,709,137,107,31,425,19,2473.31
2023-02-20,Dallas,448,51,51,5,340,9,1236.43
2023-02-20,Houston,543,91,63,12,365,14,1891.6
2023-02-20,Los_Angeles,1324,362,263,120,563,29,4187.31
2023-02-20,New_York,1717,508,370,187,634,42,5887.88
2023-02-20,Philadelphia,623,126,82,25,376,19,2856.16
2023-02-20,Phoenix,431,54,31,3,338,11,1569.81
2023-02-21,Atlanta,570,87,66,18,396,9,1199.95
2023-02-21,Chicago,1101,336,204,59,487,36,5034.17
2023-02-21,Dallas,751,205,128,28,383,26,3216.09
2023-02-21,Houston,643,118,83,24,407,13,1582.87
2023-02-21,Los_Angeles,1769,548,387,177,642,60,7959.32
2023-02-21,New_York,2220,682,512,276,737,61,8101.84
2023-02-21,Philadelphia,919,210,157,55,488,23,3038.38
2023-02-21,Phoenix,614,133,78,12,380,18,2533.44
2023-02-22,Atlanta,579,106,76,17,376,14,1854.3
2023-02-22,Chicago,968,230,161,63,509,25,3488.33
2023-02-22,Dallas,623,119,88,22,383,17,2173.84
2023-02-22,Houston,671,133,91,32,406,21,2764.09
2023-02-22,Los_Angeles,1674,476,371,179,641,38,4999.78
2023-02-22,New_York,2226,688,523,274,723,51,7108.93
2023-02-22,Philadelphia,783,174,125,35,441,18,2585.37
2023-02-22,Phoenix,529,92,65,12,354,7,857.37
2023-02-23,Atlanta,641,116,91,25,408,14,1832.6299999999999
2023-02-23,Chicago,1019,247,181,71,513,25,3515.81
2023-02-23,Dallas,810,242,140,18,397,25,3511.25
2023-02-23,Houston,647,134,93,25,387,18,2305.72
2023-02-23,Los_Angeles,1756,513,388,197,645,46,6005.82
2023-02-23,New_York,2297,730,526,286,737,68,8877.12
2023-02-23,Philadelphia,814,180,131,39,453,21,2604.38
2023-02-23,Phoenix,619,127,82,22,379,8,1026.42
2023-02-24,Atlanta,669,125,87,21,429,12,1723.81
2023-02-24,Chicago,1062,267,197,80,507,23,3023.21
2023-02-24,Dallas,700,135,100,28,430,14,1883.47
2023-02-24,Houston,879,242,147,36,443,22,3113.75
2023-02-24,Los_Angeles,1950,604,433,219,671,50,7125.11
2023-02-24,New_York,2407,801,565,286,729,58,7835.37
2023-02-24,Philadelphia,811,176,126,42,458,20,2676.31
2023-02-24,Phoenix,545,86,64,13,377,17,2338.32
2023-02-25,Atlanta,605,136,75,11,361,19,2553.13
2023-02-25,Chicago,841,189,138,48,462,17,2333.62
2023-02-25,Dallas,570,103,69,15,375,15,2043.23
2023-02-25,Houston,687,165,93,15,397,21,2835.3
2023-02-25,Los_Angeles,1480,431,312,138,583,36,4776.76
2023-02-25,New_York,1980,613,449,218,678,60,8272.5
2023-02-25,Philadelphia,695,132,110,31,416,10,1320.18
2023-02-25,Phoenix,496,74,47,6,361,12,1678.37
2023-02-26,Atlanta,494,77,49,9,347,17,2327.63
2023-02-26,Chicago,777,175,118,43,431,27,3710.64
2023-02-26,Dallas,670,169,97,9,373,21,2730.5
2023-02-26,Houston,560,105,62,12,373,10,1373.24
2023-02-26,Los_Angeles,1369,380,273,125,574,37,5308.86
2023-02-26,New_York,1927,620,419,206,647,49,6650.63
2023-02-26,Philadelphia,720,149,100,29,425,17,2295.52
2023-02-26,Phoenix,526,82,54,7,369,12,1675.76
2023-02-27,Atlanta,640,116,88,22,405,14,1697.46
2023-02-27,Chicago,986,229,177,72,494,32,4303.07
2023-02-27,Dallas,669,143,92,26,399,19,2673.02
2023-02-27,Houston,618,121,79,19,394,21,2857.96
2023-02-27,Los_Angeles,1634,465,358,170,635,41,5669.4
2023-02-27,New_York,2293,730,538,290,720,53,7156.02
2023-02-27,Philadelphia,811,169,136,42,459,15,1756.94
2023-02-27,Phoenix,533,90,59,11,370,17,2367.1
2023-02-28,Atlanta,551,97,66,19,363,13,1751.55
2023-02-28,Chicago,995,237,178,69,503,27,3635.56
2023-02-28,Dallas,606,115,73,16,391,15,1945.33
2023-02-28,Houston,648,125,87,28,397,13,1767.27
2023-02-28,Los_Angeles,1645,470,352,173,632,36,4746.98
2023-02-28,New_York,2183,674,502,268,725,48,6238.01
2023-02-28,Philadelphia,814,176,128,40,453,26,3514.48
2023-02-28,Phoenix,618,109,77,14,411,18,2341.27
2023-03-01,Atlanta,576,99,66,21,386,14,2064.78
2023-03-01,Chicago,949,226,158,61,495,27,3470.82
2023-03-01,Dallas,606,124,80,18,379,16,2076.22
2023-03-01,Houston,622,116,86,24,391,16,2221.07
2023-03-01,Los_Angeles,1652,484,357,175,624,35,4622.6
2023-03-01,New_York,2146,682,495,251,707,60,8181.51
2023-03-01,Philadelphia,753,151,113,32,451,17,2358.09
2023-03-01,Phoenix,572,104,72,12,379,15,1956.53
2023-03-02,Atlanta,676,143,93,22,409,17,2327.98
2023-03-02,Chicago,958,226,160,68,495,17,2151.7
2023-03-02,Dallas,632,113,84,24,409,8,995.01
2023-03-02,Houston,641,123,81,24,406,16,2077.24
2023-03-02,Los_Angeles,1613,462,347,167,630,53,6930.06
2023-03-02,New_York,2160,665,504,268,717,66,9175.28
2023-03-02,Philadelphia,776,157,125,39,452,21,2816.65
2023-03-02,Phoenix,534,84,52,10,386,19,2492.9
2023-03-03,Atlanta,603,107,74,20,395,12,1683.91
2023-03-03,Chicago,1059,268,186,83,511,34,4698.73
2023-03-03,Dallas,645,132,90,26,390,14,1709.05
2023-03-03,Houston,708,141,104,33,424,19,2369.5699999999997
2023-03-03,Los_Angeles,1768,537,382,192,648,65,8743.37
2023-03-03,New_York,2333,752,544,289,734,47,6043.4800000000005
2023-03-03,Philadelphia,875,198,149,52,459,22,3154.77
2023-03-03,Phoenix,613,116,78,18,391,20,2727.24
2023-03-04,Atlanta,475,65,45,7,354,14,1960.7
2023-03-04,Chicago,752,144,111,28,460,18,2395.44
2023-03-04,Dallas,516,78,54,15,364,11,1445.11
2023-03-04,Houston,721,213,116,14,367,21,2728.53
2023-03-04,Los_Angeles,1365,372,284,137,561,34,4373.54
2023-03-04,New_York,1826,554,403,205,652,44,6014.65
2023-03-04,Philadelphia,654,128,100,27,395,7,988.73
2023-03-04,Phoenix,452,54,48,5,341,11,1512.86
2023-03-05,Atlanta,449,61,33,6,344,6,814.72
2023-03-05,Chicago,749,166,116,38,419,21,2817.5
2023-03-05,Dallas,502,71,54,11,355,9,1245.56
2023-03-05,Houston,602,153,78,8,347,27,3469.19
2023-03-05,Los_Angeles,1284,343,253,113,562,31,4197.56
2023-03-05,New_York,1712,497,376,185,645,35,4731.27
2023-03-05,Philadelphia,583,102,71,17,386,15,2140.58
2023-03-05,Phoenix,454,62,41,7,343,13,1828.05
2023-03-06,Atlanta,547,89,61,16,375,10,1437.09
2023-03-06,Chicago,922,211,154,63,486,18,2773.09
2023-03-06,Dallas,739,212,111,25,381,21,2926.08
2023-03-06,Houston,630,117,90,24,395,18,2638.08
2023-03-06,Los_Angeles,1599,455,343,173,623,44,6016.29
2023-03-06,New_York,2015,614,463,244,684,29,3944.61
2023-03-06,Philadelphia,767,166,124,38,431,21,2785.31
2023-03-06,Phoenix,490,67,50,7,363,15,1953.6200000000001
2023-03-07,Atlanta,541,95,67,16,361,11,1440.77
2023-03-07,Chicago,947,217,171,71,483,31,4037.06
2023-03-07,Dallas,639,139,86,17,385,21,2963.64
2023-03-07,Houston,736,172,108,24,419,16,2156.5099999999998
2023-03-07,Los_Angeles,1625,483,348,165,613,39,5262.32
2023-03-07,New_York,2141,673,488,259,709,51,6910.1900000000005
2023-03-07,Philadelphia,895,230,149,51,453,26,3640.8
2023-03-07,Phoenix,554,87,64,9,387,14,1863.78
2023-03-08,Atlanta,599,115,81,14,382,14,1869.73
2023-03-08,Chicago,922,218,156,55,487,22,3098.97
2023-03-08,Dallas,613,107,89,20,395,11,1507.93
2023-03-08,Houston,745,173,106,25,431,15,2021.62
2023-03-08,Los_Angeles,1576,455,346,153,613,40,5574.96
2023-03-08,New_York,2298,735,545,282,718,56,7538.85
2023-03-08,Philadelphia,731,145,118,29,435,16,2087.73
2023-03-08,Phoenix,540,89,58,10,377,9,1252.01
2023-03-09,Atlanta,544,90,66,16,368,11,1456.54
2023-03-09,Chicago,932,215,153,56,498,25,3375.02
2023-03-09,Dallas,605,111,75,14,394,18,2482.38
2023-03-09,Houston,708,156,109,30,401,10,1341.03
2023-03-09,Los_Angeles,1653,478,350,171,639,44,5737.110000000001
2023-03-09,New_York,2210,702,508,261,714,53,7445.91
2023-03-09,Philadelphia,822,187,122,45,453,22,2925.69
2023-03-09,Phoenix,523,86,57,12,360,9,1203.51
2023-03-10,Atlanta,626,115,84,25,396,13,1853.14
2023-03-10,Chicago,972,229,179,64,499,28,3614.03
2023-03-10,Dallas,671,131,95,31,407,21,2794.0299999999997
2023-03-10,Houston,681,134,93,25,424,16,2118.48
2023-03-10,Los_Angeles,1703,497,372,188,636,39,5200.8
2023-03-10,New_York,2385,761,569,302,745,55,7671.34
2023-03-10,Philadelphia,836,188,141,51,449,20,2829.7200000000003
2023-03-10,Phoenix,586,111,76,16,371,20,2751.53
2023-03-11,Atlanta,523,86,51,11,356,12,1410.14
2023-03-11,Chicago,977,277,172,49,456,35,4543.72
2023-03-11,Dallas,548,105,61,14,355,12,1570.29
2023-03-11,Houston,593,116,69,12,376,18,2314.08
2023-03-11,Los_Angeles,1367,390,271,111,575,33,4270.87
2023-03-11,New_York,2036,671,455,218,662,48,6242.97
2023-03-11,Philadelphia,707,149,102,21,418,20,2743.21
2023-03-11,Phoenix,479,67,44,8,347,12,1440.69
2023-03-12,Atlanta,501,69,50,10,367,16,2223.05
2023-03-12,Chicago,726,153,107,33,426,25,3364.87
2023-03-12,Dallas,499,72,54,10,359,15,1932.78
2023-03-12,Houston,530,90,63,10,358,9,1207.6499999999999
2023-03-12,Los_Angeles,1279,343,253,112,563,29,3774.57
2023-03-12,New_York,1727,522,374,174,642,51,6826.69
2023-03-12,Philadelphia,586,107,76,19,379,16,2240.55
2023-03-12,Phoenix,434,48,38,7,338,12,1776.1
2023-03-13,Atlanta,534,93,66,15,359,9,1239.27
2023-03-13,Chicago,961,236,170,60,482,24,3347.79
2023-03-13,Dallas,628,118,91,18,396,13,1930.46
2023-03-13,Houston,691,138,102,26,413,18,2457.48
2023-03-13,Los_Angeles,1569,472,327,145,610,37,4987.03
2023-03-13,New_York,2102,640,483,255,712,47,6017.2
2023-03-13,Philadelphia,856,219,138,39,440,34,4568.22
2023-03-13,Phoenix,557,85,71,15,381,16,2360.9
2023-03-14,Atlanta,555,89,70,12,384,14,1803.3
2023-03-14,Chicago,949,220,175,62,488,27,3806.81
2023-03-14,Dallas,619,106,86,23,403,10,1226.49
2023-03-14,Houston,626,118,82,29,394,13,1820.26
2023-03-14,Los_Angeles,1531,435,324,157,608,44,5712.099999999999
2023-03-14,New_York,2151,661,497,267,720,64,8577.7
2023-03-14,Philadelphia,789,173,117,31,464,19,2458.35
2023-03-14,Phoenix,526,86,62,13,363,10,1170.8
2023-03-15,Atlanta,707,189,110,16,387,29,3683.31
2023-03-15,Chicago,907,206,153,61,484,24,3222.0099999999998
2023-03-15,Dallas,649,118,85,23,420,14,1970.83
2023-03-15,Houston,637,109,84,30,412,15,2105.62
2023-03-15,Los_Angeles,1570,441,338,167,623,44,6337.47
2023-03-15,New_York,2105,661,487,249,700,61,8235.69
2023-03-15,Philadelphia,772,167,123,26,449,19,2518.54
2023-03-15,Phoenix,680,182,109,14,366,26,3491.13
2023-03-16,Atlanta,534,92,61,14,359,13,1616.42
2023-03-16,Chicago,984,246,176,60,488,28,3822.57
2023-03-16,Dallas,620,114,77,27,393,16,2081.91
2023-03-16,Houston,694,160,104,26,394,18,2595.0
2023-03-16,Los_Angeles,1745,518,373,184,651,37,4832.45
2023-03-16,New_York,2297,723,543,287,731,63,8310.37
2023-03-16,Philadelphia,769,169,115,48,430,22,2943.24
2023-03-16,Phoenix,586,104,65,13,400,20,2735.32
2023-03-17,Atlanta,629,120,89,26,388,12,1632.49
2023-03-17,Chicago,1038,279,190,61,501,28,4119.92
2023-03-17,Dallas,689,132,100,26,430,17,2213.07
2023-03-17,Houston,760,179,127,29,416,20,2559.21
2023-03-17,Los_Angeles,1754,523,387,189,651,41,5517.02
2023-03-17,New_York,2307,725,541,292,740,61,8552.68
2023-03-17,Philadelphia,813,174,136,39,462,17,2246.86
2023-03-17,Phoenix,583,98,67,18,398,13,1749.1100000000001
2023-03-18,Atlanta,499,78,56,11,349,10,1403.05
2023-03-18,Chicago,758,157,115,35,447,20,2433.36
2023-03-18,Dallas,515,80,60,15,356,16,2194.66
2023-03-18,Houston,584,98,77,18,383,18,2388.62
2023-03-18,Los_Angeles,1348,365,272,121,577,44,6456.5
2023-03-18,New_York,1823,544,406,206,663,55,7357.65
2023-03-18,Philadelphia,610,105,78,16,407,18,2606.39
2023-03-18,Phoenix,473,62,40,8,359,11,1413.6
2023-03-19,Atlanta,481,79,45,9,331,12,1596.96
2023-03-19,Chicago,764,158,112,34,452,17,2306.44
2023-03-19,Dallas,492,86,46,7,341,14,1725.16
2023-03-19,Houston,678,176,103,14,372,16,2121.02
2023-03-19,Los_Angeles,1450,444,299,118,569,26,3455.91
2023-03-19,New_York,1831,584,389,187,650,36,4794.099999999999
2023-03-19,Philadelphia,650,127,81,22,405,23,2956.89
2023-03-19,Phoenix,461,61,50,3,341,11,1376.59
2023-03-20,Atlanta,532,92,56,19,351,10,1464.74
2023-03-20,Chicago,969,234,172,66,485,22,3055.14
2023-03-20,Dallas,620,110,78,22,403,14,1792.85
2023-03-20,Houston,610,100,79,28,397,17,2287.25
2023-03-20,Los_Angeles,1633,461,364,167,635,39,5121.26
2023-03-20,New_York,2140,665,486,269,708,65,8958.4
2023-03-20,Philadelphia,805,170,136,31,456,22,2943.15
2023-03-20,Phoenix,563,112,64,7,370,8,947.03
2023-03-21,Atlanta,546,91,66,19,368,9,1249.6599999999999
2023-03-21,Chicago,902,199,161,62,477,19,2778.36
2023-03-21,Dallas,581,106,71,16,380,10,1325.25
2023-03-21,Houston,692,140,98,34,412,9,1252.08
2023-03-21,Los_Angeles,1580,465,330,159,610,37,4923.7
2023-03-21,New_York,2112,652,483,251,720,70,9268.07
2023-03-21,Philadelphia,786,174,122,47,437,15,2035.06
2023-03-21,Phoenix,582,91,75,20,390,13,1628.4
2023-03-22,Atlanta,587,107,78,22,374,9,1201.33
2023-03-22,Chicago,875,199,152,59,461,20,2670.42
2023-03-22,Dallas,648,122,89,23,409,15,1860.25
2023-03-22,Houston,653,126,99,28,400,8,982.88
2023-03-22,Los_Angeles,1626,471,348,173,632,45,6060.11
2023-03-22,New_York,2150,657,492,273,720,51,6561.69
2023-03-22,Philadelphia,666,124,97,28,415,10,1456.09
2023-03-22,Phoenix,546,86,62,14,381,13,1636.24
2023-03-23,Atlanta,729,169,112,18,419,23,2990.77
2023-03-23,Chicago,982,238,172,66,499,23,3110.23
2023-03-23,Dallas,613,122,79,18,381,19,2514.8
2023-03-23,Houston,701,135,99,32,425,17,2051.19
2023-03-23,Los_Angeles,1672,489,366,182,628,43,5928.7
2023-03-23,New_York,2294,728,530,289,736,54,7448.22
2023-03-23,Philadelphia,801,168,122,43,463,18,2389.11
2023-03-23,Phoenix,530,92,69,12,355,15,1973.4
2023-03-24,Atlanta,615,114,91,19,385,9,1430.57
2023-03-24,Chicago,1010,248,181,74,499,23,3310.69
2023-03-24,Dallas,691,134,105,27,418,21,2854.37
2023-03-24,Houston,678,126,102,26,421,19,2494.94
2023-03-24,Los_Angeles,1813,538,394,211,656,37,4898.14
2023-03-24,New_York,2413,787,567,301,743,61,8129.42
2023-03-24,Philadelphia,830,189,130,52,449,24,3144.7400000000002
2023-03-24,Phoenix,576,103,70,15,380,17,2407.46
2023-03-25,Atlanta,685,182,104,12,376,10,1350.77
2023-03-25,Chicago,878,208,145,53,453,14,1821.05
2023-03-25,Dallas,535,92,63,7,358,9,1277.13
2023-03-25,Houston,588,116,75,15,368,15,1956.01
2023-03-25,Los_Angeles,1420,406,292,130,570,40,5362.63
2023-03-25,New_York,1918,599,417,209,669,46,6471.72
2023-03-25,Philadelphia,804,234,131,27,394,18,2349.05
2023-03-25,Phoenix,437,64,41,5,314,11,1447.51
2023-03-26,Atlanta,456,66,46,8,333,12,1592.0
2023-03-26,Chicago,839,219,142,33,428,26,3550.66
2023-03-26,Dallas,523,75,51,12,383,11,1720.13
2023-03-26,Houston,558,94,65,12,382,11,1518.01
2023-03-26,Los_Angeles,1364,376,279,121,581,43,5669.5
2023-03-26,New_York,1824,581,401,186,639,50,6722.75
2023-03-26,Philadelphia,635,135,89,21,380,14,2119.02
2023-03-26,Phoenix,494,68,52,6,364,7,1012.6
2023-03-27,Atlanta,587,97,77,19,386,13,1696.76
2023-03-27,Chicago,986,253,171,61,486,24,3360.92
2023-03-27,Dallas,615,118,89,20,380,13,1814.54
2023-03-27,Houston,655,131,86,19,405,11,1534.13
2023-03-27,Los_Angeles,1640,493,357,166,605,41,5711.17
2023-03-27,New_York,2211,704,511,259,720,57,7945.66
2023-03-27,Philadelphia,767,166,116,35,434,19,2505.97
2023-03-27,Phoenix,535,85,64,16,367,7,864.48
2023-03-28,Atlanta,538,85,62,10,378,11,1417.22
2023-03-28,Chicago,955,227,165,51,500,20,2921.31
2023-03-28,Dallas,646,124,88,24,404,15,1839.5900000000001
2023-03-28,Houston,648,121,91,21,411,20,2816.05
2023-03-28,Los_Angeles,1672,481,364,182,638,39,5080.2
2023-03-28,New_York,2137,656,489,262,721,55,7426.0599999999995
2023-03-28,Philadelphia,1027,325,197,36,454,26,3544.14
2023-03-28,Phoenix,544,89,62,10,377,17,2293.62
2023-03-29,Atlanta,598,112,77,14,393,19,2328.8
2023-03-29,Chicago,1122,343,205,58,510,33,4791.79
2023-03-29,Dallas,589,103,81,19,384,13,1614.33
2023-03-29,Houston,682,140,95,22,421,13,1851.48
2023-03-29,Los_Angeles,1625,461,351,171,641,40,5161.38
2023-03-29,New_York,2102,642,487,253,718,56,7140.93
2023-03-29,Philadelphia,740,157,114,36,430,16,2151.79
2023-03-29,Phoenix,506,74,59,10,361,10,1464.42
2023-03-30,Atlanta,581,99,80,20,378,12,1485.18
2023-03-30,Chicago,980,234,180,63,493,27,3826.85
2023-03-30,Dallas,627,110,85,30,398,18,2252.84
2023-03-30,Houston,689,137,101,26,417,18,2369.91
2023-03-30,Los_Angeles,1683,489,366,174,646,36,4555.1
2023-03-30,New_York,2232,689,522,285,732,42,5928.72
2023-03-30,Philadelphia,810,171,131,44,464,23,3077.2599999999998
2023-03-30,Phoenix,574,100,65,15,388,13,1771.71
2023-03-31,Atlanta,620,117,77,19,399,14,1732.1
2023-03-31,Chicago,1118,293,203,79,531,31,3985.13
2023-03-31,Dallas,624,120,93,17,390,16,2048.68
2023-03-31,Houston,727,132,111,34,448,21,2669.57
2023-03-31,Los_Angeles,1830,580,402,182,657,56,7763.51
2023-03-31,New_York,2380,762,561,304,739,56,7272.13
2023-03-31,Philadelphia,824,178,134,48,459,17,2400.69
2023-03-31,Phoenix,588,105,64,21,393,15,2039.5
2023-04-01,Atlanta,442,58,38,4,342,10,1288.5
2023-04-01,Chicago,663,122,88,27,426,19,2715.73
2023-04-01,Dallas,514,86,56,9,363,12,1547.59
2023-04-01,Houston,567,113,72,12,366,14,1878.01
2023-04-01,Los_Angeles,1298,345,263,127,562,23,3178.12
2023-04-01,New_York,1708,499,374,191,644,40,5294.96
2023-04-01,Philadelphia,599,110,77,21,391,16,2270.88
2023-04-01,Phoenix,436,62,40,9,325,13,1947.13
2023-04-02,Atlanta,460,69,45,6,335,8,1183.94
2023-04-02,Chicago,755,169,119,41,420,24,3299.0
2023-04-02,Dallas,586,130,78,11,358,13,1774.44
2023-04-02,Houston,530,100,65,7,350,13,1741.8
2023-04-02,Los_Angeles,1200,315,228,103,549,24,3312.63
2023-04-02,New_York,1599,465,341,172,612,31,4241.77
2023-04-02,Philadelphia,574,103,74,22,371,9,1203.94
2023-04-02,Phoenix,431,48,41,5,337,9,1255.62
2023-04-03,Atlanta,764,233,118,13,390,26,3537.96
2023-04-03,Chicago,886,203,146,56,477,21,2638.5499999999997
2023-04-03,Dallas,595,112,76,11,387,16,2161.02
2023-04-03,Houston,608,106,86,17,394,21,2894.3
2023-04-03,Los_Angeles,1544,447,340,150,602,33,4511.04
2023-04-03,New_York,2031,622,462,252,687,50,6885.39
2023-04-03,Philadelphia,651,127,92,31,397,16,2328.6
2023-04-03,Phoenix,478,69,47,7,350,17,2175.13
2023-04-04,Atlanta,559,98,64,17,371,12,1664.88
2023-04-04,Chicago,898,200,150,55,485,19,2572.62
2023-04-04,Dallas,767,233,125,16,376,18,2380.42
2023-04-04,Houston,594,111,71,14,390,18,2432.49
2023-04-04,Los_Angeles,1596,449,351,162,625,49,6680.97
2023-04-04,New_York,2048,639,468,235,691,55,7431.95
2023-04-04,Philadelphia,710,149,110,39,407,14,1851.42
2023-04-04,Phoenix,499,83,54,10,349,15,1872.53
2023-04-05,Atlanta,548,88,68,16,368,13,1864.3700000000001
2023-04-05,Chicago,934,211,167,61,488,27,3679.51
2023-04-05,Dallas,587,108,78,20,377,17,2399.56
2023-04-05,Houston,624,105,80,19,413,16,2229.1
2023-04-05,Los_Angeles,1534,439,322,149,614,40,5072.67
2023-04-05,New_York,1977,604,434,227,695,46,6176.22
2023-04-05,Philadelphia,691,129,99,25,427,24,3186.84
2023-04-05,Phoenix,565,113,69,12,362,15,2048.96
2023-04-06,Atlanta,574,98,74,15,378,16,2196.0
2023-04-06,Chicago,908,212,160,56,468,18,2518.07
2023-04-06,Dallas,632,112,88,27,401,20,2790.21
2023-04-06,Houston,620,107,83,21,401,12,1545.26
2023-04-06,Los_Angeles,1659,497,361,168,620,43,5779.06
2023-04-06,New_York,2197,711,510,254,702,50,6589.66
2023-04-06,Philadelphia,775,166,117,51,435,20,2689.09
2023-04-06,Phoenix,558,100,61,15,373,13,1794.93
2023-04-07,Atlanta,591,110,73,16,381,15,2198.44
2023-04-07,Chicago,1037,256,184,78,506,26,3341.65
2023-04-07,Dallas,635,123,89,19,397,19,2411.06
2023-04-07,Houston,696,131,102,38,421,23,3118.3
2023-04-07,Los_Angeles,1753,532,386,182,638,42,6140.25
2023-04-07,New_York,2167,679,496,260,713,43,5542.82
2023-04-07,Philadelphia,792,164,122,37,458,24,3245.36
2023-04-07,Phoenix,565,108,72,14,360,11,1392.25
2023-04-08,Atlanta,447,47,43,5,351,10,1419.1100000000001
2023-04-08,Chicago,738,145,111,33,449,20,2585.46
2023-04-08,Dallas,489,75,60,7,342,18,2392.95
2023-04-08,Houston,485,72,51,9,348,9,1170.5
2023-04-08,Los_Angeles,1301,355,261,112,563,33,4520.2300000000005
2023-04-08,New_York,1772,548,394,181,640,50,6873.59
2023-04-08,Philadelphia,587,106,70,24,383,11,1490.11
2023-04-08,Phoenix,436,59,45,7,323,10,1250.96
2023-04-09,Atlanta,469,70,44,11,339,11,1492.0
2023-04-09,Chicago,731,148,114,37,426,12,1705.7
2023-04-09,Dallas,497,70,47,9,366,12,1650.91
2023-04-09,Houston,514,69,57,14,369,13,1725.27
2023-04-09,Los_Angeles,1207,312,230,98,558,28,3913.94
2023-04-09,New_York,1588,458,339,161,620,41,5735.26
2023-04-09,Philadelphia,589,95,71,18,400,11,1508.87
2023-04-09,Phoenix,482,88,51,7,329,10,1270.0
2023-04-10,Atlanta,559,103,65,15,361,18,2407.41
2023-04-10,Chicago,949,237,167,55,468,20,2587.19
2023-04-10,Dallas,612,117,83,19,375,19,2510.08
2023-04-10,Houston,632,120,87,22,386,18,2203.28
2023-04-10,Los_Angeles,1648,504,346,156,617,44,5817.11
2023-04-10,New_York,2091,651,483,245,701,50,6897.0
2023-04-10,Philadelphia,744,162,104,30,426,12,1643.04
2023-04-10,Phoenix,561,104,65,11,369,7,930.46
2023-04-11,Atlanta,524,84,55,12,366,12,1779.34
2023-04-11,Chicago,913,209,147,49,502,29,4026.07
2023-04-11,Dallas,568,96,76,17,373,19,2649.5099999999998
2023-04-11,Houston,644,121,90,22,400,12,1498.25
2023-04-11,Los_Angeles,1609,506,348,145,600,32,4285.39
2023-04-11,New_York,2016,624,455,229,699,53,7184.23
2023-04-11,Philadelphia,758,162,111,37,438,21,2753.21
2023-04-11,Phoenix,505,85,49,10,357,15,2201.22
2023-04-12,Atlanta,523,76,57,12,377,6,903.46
2023-04-12,Chicago,898,233,155,47,458,27,3514.54
2023-04-12,Dallas,526,80,65,10,370,11,1386.03
2023-04-12,Houston,607,111,82,22,392,17,2332.37
2023-04-12,Los_Angeles,1520,427,312,159,620,34,4696.49
2023-04-12,New_York,1929,580,434,231,682,53,7272.89
2023-04-12,Philadelphia,703,151,106,33,413,22,2914.05
2023-04-12,Phoenix,525,96,58,8,358,11,1534.99
2023-04-13,Atlanta,490,74,52,7,353,5,563.48
2023-04-13,Chicago,954,230,158,62,489,24,3339.56
2023-04-13,Dallas,620,117,88,22,373,19,2640.57
2023-04-13,Houston,665,121,88,30,421,16,2306.86
2023-04-13,Los_Angeles,1660,487,356,173,626,41,5791.03
2023-04-13,New_York,2147,674,501,254,702,53,7355.8
2023-04-13,Philadelphia,766,172,116,30,438,15,1918.7
2023-04-13,Phoenix,534,98,59,12,350,11,1339.63
2023-04-14,Atlanta,612,102,79,15,406,15,2132.34
2023-04-14,Chicago,1011,254,180,67,495,30,3758.46
2023-04-14,Dallas,627,113,82,20,402,14,1666.61
2023-04-14,Houston,641,126,89,23,390,19,2585.0
2023-04-14,Los_Angeles,1677,479,369,180,646,31,4202.13
2023-04-14,New_York,2229,691,516,287,725,53,7147.31
2023-04-14,Philadelphia,810,176,128,46,451,20,2556.96
2023-04-14,Phoenix,572,97,62,15,389,15,1944.32
2023-04-15,Atlanta,570,139,78,5,339,20,2758.7400000000002
2023-04-15,Chicago,777,168,117,37,442,15,1849.64
2023-04-15,Dallas,506,75,51,10,364,12,1531.27
2023-04-15,Houston,523,87,63,11,355,11,1406.09
2023-04-15,Los_Angeles,1366,372,269,121,598,38,5331.86
2023-04-15,New_York,1766,529,392,190,642,57,7902.36
2023-04-15,Philadelphia,639,125,86,22,402,9,1293.83
2023-04-15,Phoenix,449,57,36,5,345,13,1757.53
2023-04-16,Atlanta,584,136,73,5,351,19,2470.35
2023-04-16,Chicago,748,159,113,29,429,16,2126.69
2023-04-16,Dallas,565,106,64,10,373,14,1853.21
2023-04-16,Houston,501,76,58,10,353,16,2428.5
2023-04-16,Los_Angeles,1233,325,241,104,548,28,3912.84
2023-04-16,New_York,1726,538,371,174,624,40,5771.42
2023-04-16,Philadelphia,643,137,80,26,381,17,2390.2
2023-04-16,Phoenix,450,58,41,4,335,11,1406.56
2023-04-17,Atlanta,552,99,63,12,370,16,2279.2200000000003
2023-04-17,Chicago,944,225,163,63,486,32,4078.01
2023-04-17,Dallas,592,105,75,18,392,9,1130.54
2023-04-17,Houston,616,110,73,17,410,11,1588.15
2023-04-17,Los_Angeles,1607,484,335,148,631,45,5902.36
2023-04-17,New_York,2064,649,466,234,703,38,5175.54
2023-04-17,Philadelphia,729,138,108,32,448,18,2383.18
2023-04-17,Phoenix,528,76,59,13,374,15,2072.8
2023-04-18,Atlanta,548,91,65,15,373,16,2211.2200000000003
2023-04-18,Chicago,915,224,151,58,475,20,2593.04
2023-04-18,Dallas,545,88,69,6,378,14,2017.42
2023-04-18,Houston,609,106,87,21,388,18,2350.8
2023-04-18,Los_Angeles,1495,420,319,158,592,29,3745.7599999999998
2023-04-18,New_York,1953,591,427,227,702,25,3288.4
2023-04-18,Philadelphia,709,148,101,34,421,12,1540.5900000000001
2023-04-18,Phoenix,437,65,40,7,318,14,1870.0
2023-04-19,Atlanta,544,87,67,15,374,20,2509.93
2023-04-19,Chicago,905,203,151,55,494,16,2265.38
2023-04-19,Dallas,661,151,93,17,394,14,1831.57
2023-04-19,Houston,573,103,83,17,367,14,2081.45
2023-04-19,Los_Angeles,1498,417,320,158,603,37,4861.56
2023-04-19,New_York,1961,588,442,229,702,44,5987.77
2023-04-19,Philadelphia,653,121,96,30,403,24,3297.29
2023-04-19,Phoenix,496,72,55,7,360,7,934.61
2023-04-20,Atlanta,536,88,60,12,372,11,1359.86
2023-04-20,Chicago,970,248,175,60,477,17,2380.21
2023-04-20,Dallas,647,121,90,32,398,12,1495.21
2023-04-20,Houston,614,112,87,18,393,18,2472.44
2023-04-20,Los_Angeles,1604,466,341,169,617,34,4614.24
2023-04-20,New_York,2059,630,472,251,699,59,7738.79
2023-04-20,Philadelphia,746,158,113,32,439,12,1641.4299999999998
2023-04-20,Phoenix,545,96,64,10,366,16,2236.23
2023-04-21,Atlanta,572,105,66,13,380,13,1866.82
2023-04-21,Chicago,974,243,165,67,486,32,4322.9
2023-04-21,Dallas,739,171,113,22,419,22,3201.66
2023-04-21,Houston,695,140,105,28,413,24,3053.46
2023-04-21,Los_Angeles,1758,525,396,182,640,47,6506.0
2023-04-21,New_York,2118,649,496,266,702,43,5895.08
2023-04-21,Philadelphia,808,172,129,42,457,21,2677.28
2023-04-21,Phoenix,553,90,64,14,379,15,2115.31
2023-04-22,Atlanta,514,82,56,9,363,14,1998.23
2023-04-22,Chicago,737,159,112,37,422,23,2950.2
2023-04-22,Dallas,505,77,68,9,350,11,1492.84
2023-04-22,Houston,571,97,79,14,373,12,1537.11
2023-04-22,Los_Angeles,1315,356,266,110,583,36,4515.59
2023-04-22,New_York,1757,519,393,194,645,49,6463.34
2023-04-22,Philadelphia,635,114,87,24,409,11,1464.33
2023-04-22,Phoenix,427,44,35,3,340,9,1121.29
2023-04-23,Atlanta,458,67,39,7,341,8,1098.16
2023-04-23,Chicago,754,160,118,34,437,23,2994.3
2023-04-23,Dallas,500,73,58,11,355,12,1626.23
2023-04-23,Houston,592,134,75,12,367,7,987.4
2023-04-23,Los_Angeles,1260,339,257,102,552,32,4326.77
2023-04-23,New_York,1549,430,333,168,616,39,5299.28
2023-04-23,Philadelphia,596,109,82,18,386,12,1688.18
2023-04-23,Phoenix,476,110,57,2,300,12,1465.59
2023-04-24,Atlanta,586,120,75,11,376,11,1529.25
2023-04-24,Chicago,841,178,136,51,471,24,3468.37
2023-04-24,Dallas,600,110,74,18,390,13,1844.79
2023-04-24,Houston,595,100,80,19,393,8,1018.73
2023-04-24,Los_Angeles,1533,439,323,141,615,45,5855.12
2023-04-24,New_York,2033,621,461,243,695,42,5748.7
2023-04-24,Philadelphia,665,126,91,32,410,19,2754.7
2023-04-24,Phoenix,489,78,52,15,338,15,2167.33
2023-04-25,Atlanta,574,98,74,14,375,18,2460.49
2023-04-25,Chicago,1034,269,189,63,498,20,2723.83
2023-04-25,Dallas,665,145,94,17,397,7,895.24
2023-04-25,Houston,721,185,110,19,386,23,2975.94
2023-04-25,Los_Angeles,1565,447,336,157,619,47,6446.47
2023-04-25,New_York,2047,639,459,235,694,51,6750.07
2023-04-25,Philadelphia,777,180,123,36,421,16,2283.7
2023-04-25,Phoenix,506,79,58,7,354,9,1146.4
2023-04-26,Atlanta,558,95,68,22,373,14,2153.46
2023-04-26,Chicago,853,195,153,53,452,25,3140.74
2023-04-26,Dallas,643,149,94,18,379,15,2028.84
2023-04-26,Houston,609,111,82,25,391,21,2806.79
2023-04-26,Los_Angeles,1516,431,309,145,627,43,5642.07
2023-04-26,New_York,2011,617,451,243,696,30,4215.88
2023-04-26,Philadelphia,685,137,105,36,405,12,1617.57
2023-04-26,Phoenix,455,59,42,6,348,9,1270.6100000000001
2023-04-27,Atlanta,589,97,75,22,390,17,2282.75
2023-04-27,Chicago,925,217,152,51,494,21,2951.55
2023-04-27,Dallas,650,130,86,12,411,20,2641.45
2023-04-27,Houston,647,130,84,26,405,13,1794.03
2023-04-27,Los_Angeles,1627,471,344,168,634,44,5797.62
2023-04-27,New_York,2126,659,489,257,707,37,5227.8099999999995
2023-04-27,Philadelphia,913,251,160,45,447,38,5629.05
2023-04-27,Phoenix,494,67,60,10,352,10,1446.29
2023-04-28,Atlanta,614,106,86,17,401,15,1824.5
2023-04-28,Chicago,978,229,176,66,498,26,3559.16
2023-04-28,Dallas,703,136,102,25,432,15,1981.1399999999999
2023-04-28,Houston,642,111,88,23,416,20,2616.58
2023-04-28,Los_Angeles,1700,505,373,171,634,45,5983.01
2023-04-28,New_York,2147,666,492,266,714,56,7880.9400000000005
2023-04-28,Philadelphia,841,190,135,41,468,24,3218.0699999999997
2023-04-28,Phoenix,534,77,62,10,378,11,1612.07
2023-04-29,Atlanta,494,76,51,11,349,20,2532.34
2023-04-29,Chicago,755,154,119,31,441,16,2219.09
2023-04-29,Dallas,523,81,59,13,358,18,2317.25
2023-04-29,Houston,527,85,57,10,363,15,2015.37
2023-04-29,Los_Angeles,1321,362,267,124,555,31,4532.77
2023-04-29,New_York,1775,521,391,181,671,35,4646.32
2023-04-29,Philadelphia,640,119,87,20,407,15,1832.86
2023-04-29,Phoenix,437,61,40,2,327,10,1386.01
2023-04-30,Atlanta,394,46,35,4,309,10,1267.03
2023-04-30,Chicago,700,140,105,31,423,17,2196.09
2023-04-30,Dallas,472,69,46,13,342,8,1042.53
2023-04-30,Houston,474,74,53,8,336,7,849.83
2023-04-30,Los_Angeles,1234,322,235,114,561,26,3646.89
2023-04-30,New_York,1572,434,347,175,614,30,4154.66
2023-04-30,Philadelphia,546,98,73,15,358,16,2120.01
2023-04-30,Phoenix,444,49,46,4,343,14,1972.12
2023-05-01,Atlanta,566,92,70,10,394,14,1978.57
2023-05-01,Chicago,878,204,152,54,468,26,3332.35
2023-05-01,Dallas,567,94,74,16,383,12,1596.8
2023-05-01,Houston,656,144,90,24,394,14,1925.86
2023-05-01,Los_Angeles,1491,410,326,154,601,51,6815.94
2023-05-01,New_York,1942,577,440,232,693,49,6949.28
2023-05-01,Philadelphia,712,142,110,31,429,18,2584.62
2023-05-01,Phoenix,439,58,36,4,341,10,1413.22
2023-05-02,Atlanta,531,82,62,15,370,17,2255.14
2023-05-02,Chicago,1032,308,191,48,475,28,3636.03
2023-05-02,Dallas,557,93,69,18,375,10,1358.26
2023-05-02,Houston,612,114,85,25,385,14,1708.65
2023-05-02,Los_Angeles,1532,438,324,152,609,40,5009.63
2023-05-02,New_York,2080,664,474,239,694,55,7758.49
2023-05-02,Philadelphia,757,173,118,34,424,22,3128.61
2023-05-02,Phoenix,454,53,44,8,348,12,1523.46
2023-05-03,Atlanta,520,91,63,12,346,9,1096.96
2023-05-03,Chicago,896,211,163,52,462,28,3940.71
2023-05-03,Dallas,581,102,75,15,383,11,1498.25
2023-05-03,Houston,589,98,66,19,405,18,2498.63
2023-05-03,Los_Angeles,1478,411,306,142,608,32,4453.35
2023-05-03,New_York,2038,626,458,236,702,48,6532.6
2023-05-03,Philadelphia,676,129,96,28,417,11,1483.88
2023-05-03,Phoenix,510,77,58,13,358,12,1580.63
2023-05-04,Atlanta,567,93,68,18,386,10,1331.67
2023-05-04,Chicago,951,214,167,71,497,17,2322.95
2023-05-04,Dallas,597,107,81,26,379,14,1806.28
2023-05-04,Houston,650,115,88,32,415,8,1246.36
2023-05-04,Los_Angeles,1687,508,356,174,641,42,5722.74
2023-05-04,New_York,2143,658,499,267,717,42,5431.05
2023-05-04,Philadelphia,789,171,128,39,445,19,2610.4300000000003
2023-05-04,Phoenix,508,70,58,5,372,8,935.26
2023-05-05,Atlanta,598,103,81,19,389,19,2482.41
2023-05-05,Chicago,1087,317,203,70,485,31,4304.36
2023-05-05,Dallas,618,112,75,21,403,12,1544.51
2023-05-05,Houston,695,136,103,24,424,11,1533.03
2023-05-05,Los_Angeles,1732,511,384,190,637,42,6128.29
2023-05-05,New_York,2240,695,520,275,739,58,7429.45
2023-05-05,Philadelphia,826,184,139,46,449,20,2851.68
2023-05-05,Phoenix,545,89,69,14,366,18,2482.18
2023-05-06,Atlanta,475,67,45,16,345,15,2024.65
2023-05-06,Chicago,760,163,123,43,429,22,2923.84
2023-05-06,Dallas,476,64,52,9,349,12,1605.66
2023-05-06,Houston,519,89,58,10,361,8,1146.42
2023-05-06,Los_Angeles,1335,354,266,127,584,23,2953.71
2023-05-06,New_York,1721,497,380,194,647,45,5923.96
2023-05-06,Philadelphia,613,108,75,18,412,10,1342.16
2023-05-06,Phoenix,433,55,42,6,329,8,1161.19
2023-05-07,Atlanta,447,58,36,5,340,7,830.53
2023-05-07,Chicago,742,160,107,29,435,25,3406.46
2023-05-07,Dallas,487,79,49,6,342,11,1408.65
2023-05-07,Houston,467,66,52,8,334,11,1513.88
2023-05-07,Los_Angeles,1249,333,245,105,554,30,4046.91
2023-05-07,New_York,1728,517,380,188,635,40,5162.88
2023-05-07,Philadelphia,735,198,118,16,389,17,2188.27
2023-05-07,Phoenix,418,49,29,5,329,9,1360.76
2023-05-08,Atlanta,546,88,66,9,378,12,1490.2
2023-05-08,Chicago,849,189,133,52,471,17,2250.51
2023-05-08,Dallas,573,102,71,15,379,14,2000.0900000000001
2023-05-08,Houston,648,129,90,20,403,15,2132.67
2023-05-08,Los_Angeles,1533,442,328,146,611,46,5726.42
2023-05-08,New_York,1986,598,460,227,692,37,4715.25
2023-05-08,Philadelphia,705,143,108,36,415,25,3547.47
2023-05-08,Phoenix,496,68,50,9,365,17,2291.35
2023-05-09,Atlanta,557,93,64,18,378,11,1674.96
2023-05-09,Chicago,874,202,139,55,475,25,3464.4300000000003
2023-05-09,Dallas,574,112,75,23,359,15,1944.05
2023-05-09,Houston,773,207,125,28,406,26,3414.2400000000002
2023-05-09,Los_Angeles,1560,442,334,154,619,39,5391.28
2023-05-09,New_York,2067,635,480,256,692,50,6702.1
2023-05-09,Philadelphia,681,144,88,27,419,19,2640.55
2023-05-09,Phoenix,496,84,53,12,346,12,1692.24
2023-05-10,Atlanta,530,82,62,12,359,12,1613.28
2023-05-10,Chicago,887,207,144,58,462,19,2390.07
2023-05-10,Dallas,597,106,72,14,389,13,1934.94
2023-05-10,Houston,628,112,79,24,404,18,2598.58
2023-05-10,Los_Angeles,1504,430,316,153,588,40,5558.09
2023-05-10,New_York,2030,620,453,236,695,62,8286.66
2023-05-10,Philadelphia,786,162,111,39,462,24,3070.68
2023-05-10,Phoenix,528,89,54,14,362,9,1151.6299999999999
2023-05-11,Atlanta,621,115,80,22,392,13,1817.76
2023-05-11,Chicago,949,227,160,66,484,22,2851.61
2023-05-11,Dallas,623,123,80,15,391,17,2404.36
2023-05-11,Houston,659,130,92,25,403,17,2390.12
2023-05-11,Los_Angeles,1638,479,349,161,626,34,4766.6
2023-05-11,New_York,2188,678,508,273,716,55,7334.2
2023-05-11,Philadelphia,807,179,128,35,450,26,3451.8900000000003
2023-05-11,Phoenix,575,97,73,16,380,13,1881.98
2023-05-12,Atlanta,638,159,96,12,361,16,2138.88
2023-05-12,Chicago,994,233,174,70,509,25,3478.94
2023-05-12,Dallas,605,113,91,19,378,9,1089.73
2023-05-12,Houston,644,121,85,21,416,10,1342.53
2023-05-12,Los_Angeles,1664,478,365,166,643,31,4403.32
2023-05-12,New_York,2405,797,562,279,741,55,7651.73
2023-05-12,Philadelphia,816,181,131,43,451,22,2858.46
2023-05-12,Phoenix,532,80,63,13,372,14,1975.54
2023-05-13,Atlanta,495,84,47,9,349,16,2363.04
2023-05-13,Chicago,740,154,114,29,436,14,1989.07
2023-05-13,Dallas,519,98,63,8,340,13,1499.43
2023-05-13,Houston,590,114,77,16,371,18,2365.9
2023-05-13,Los_Angeles,1352,375,268,117,579,46,6352.45
2023-05-13,New_York,1750,516,388,188,648,46,6214.27
2023-05-13,Philadelphia,703,141,103,32,420,23,3143.3
2023-05-13,Phoenix,472,70,39,9,346,14,2020.93
2023-05-14,Atlanta,478,85,41,4,339,6,828.35
2023-05-14,Chicago,688,138,103,30,408,20,2772.56
2023-05-14,Dallas,492,86,50,9,337,12,1516.21
2023-05-14,Houston,530,86,58,9,370,10,1469.12
2023-05-14,Los_Angeles,1196,310,228,96,554,27,3697.05
2023-05-14,New_York,1652,488,355,173,628,38,5272.91
2023-05-14,Philadelphia,620,107,81,17,410,17,2193.13
2023-05-14,Phoenix,491,92,52,6,327,18,2315.51
2023-05-15,Atlanta,532,80,62,14,376,15,2031.26
2023-05-15,Chicago,896,197,159,61,479,18,2457.18
2023-05-15,Dallas,555,92,70,20,373,13,1813.8700000000001
2023-05-15,Houston,638,121,84,27,406,16,1972.19
2023-05-15,Los_Angeles,1548,439,326,167,616,34,4387.26
2023-05-15,New_York,2063,620,475,252,716,60,7544.900000000001
2023-05-15,Philadelphia,778,184,129,28,433,14,1906.78
2023-05-15,Phoenix,514,80,54,15,365,14,2122.19
2023-05-16,Atlanta,632,134,83,14,396,29,3895.76
2023-05-16,Chicago,906,196,151,61,496,19,2659.5299999999997
2023-05-16,Dallas,586,104,71,22,387,17,2356.32
2023-05-16,Houston,596,101,72,26,395,13,1833.01
2023-05-16,Los_Angeles,1651,538,356,141,606,38,5552.64
2023-05-16,New_York,2017,616,458,242,695,55,7271.68
2023-05-16,Philadelphia,802,197,133,33,433,19,2512.17
2023-05-16,Phoenix,508,81,63,16,348,7,1003.46
2023-05-17,Atlanta,505,73,61,10,360,21,2919.34
2023-05-17,Chicago,970,254,170,52,488,30,3833.23
2023-05-17,Dallas,616,115,78,15,400,13,1733.21
2023-05-17,Houston,630,116,89,21,402,13,1704.92
2023-05-17,Los_Angeles,1522,433,315,158,612,37,5108.38
2023-05-17,New_York,2047,618,464,251,707,54,7133.55
2023-05-17,Philadelphia,867,248,153,35,427,22,2693.53
2023-05-17,Phoenix,539,83,64,19,370,19,2716.2200000000003
2023-05-18,Atlanta,610,111,84,21,386,18,2348.7
2023-05-18,Chicago,1078,302,204,71,487,25,3452.4500000000003
2023-05-18,Dallas,594,109,79,22,376,7,1046.93
2023-05-18,Houston,712,147,102,28,424,15,2096.73
2023-05-18,Los_Angeles,1601,463,341,161,626,29,3820.89
2023-05-18,New_York,2183,680,513,266,714,51,6823.37
2023-05-18,Philadelphia,761,164,122,32,436,22,2991.96
2023-05-18,Phoenix,526,83,51,13,367,19,2678.88
2023-05-19,Atlanta,589,98,73,17,398,21,2735.23
2023-05-19,Chicago,1001,232,182,71,508,23,2977.76
2023-05-19,Dallas,633,115,91,30,391,13,1852.4399999999998
2023-05-19,Houston,673,127,97,26,416,20,2660.94
2023-05-19,Los_Angeles,1679,491,358,177,643,39,5065.4
2023-05-19,New_York,2212,676,512,282,733,59,7785.2
2023-05-19,Philadelphia,819,174,130,43,463,23,3138.5099999999998
2023-05-19,Phoenix,528,86,58,17,360,16,2130.7
2023-05-20,Atlanta,503,68,52,15,368,17,2139.9300000000003
2023-05-20,Chicago,737,151,114,34,438,22,2902.08
2023-05-20,Dallas,474,72,60,7,334,15,1935.6000000000001
2023-05-20,Houston,495,72,54,10,359,10,1356.25
2023-05-20,Los_Angeles,1397,419,294,122,557,36,4858.67
2023-05-20,New_York,1705,499,378,190,634,39,5420.6900000000005
2023-05-20,Philadelphia,579,101,74,14,390,16,2135.93
2023-05-20,Phoenix,444,56,43,9,336,11,1482.32
2023-05-21,Atlanta,459,70,40,4,335,14,1743.56
2023-05-21,Chicago,868,231,153,37,432,22,2891.06
2023-05-21,Dallas,471,76,49,9,327,10,1333.64
2023-05-21,Houston,512,80,70,10,344,10,1408.75
2023-05-21,Los_Angeles,1265,323,249,111,570,31,4414.61
2023-05-21,New_York,1868,635,412,169,623,52,7119.1
2023-05-21,Philadelphia,626,117,81,28,392,14,1904.88
2023-05-21,Phoenix,556,159,76,3,306,11,1495.14
2023-05-22,Atlanta,545,89,67,16,367,10,1301.72
2023-05-22,Chicago,1034,296,190,64,470,27,3736.12
2023-05-22,Dallas,671,158,100,20,386,18,2523.59
2023-05-22,Houston,590,110,71,23,381,19,2712.4500000000003
2023-05-22,Los_Angeles,1562,444,333,164,618,33,4288.06
2023-05-22,New_York,2045,629,470,245,690,55,7496.49
2023-05-22,Philadelphia,809,215,133,31,424,28,3756.69
2023-05-22,Phoenix,500,73,55,13,357,12,1648.44
2023-05-23,Atlanta,533,86,62,9,371,16,2201.0
2023-05-23,Chicago,922,213,154,62,479,20,2808.56
2023-05-23,Dallas,598,101,69,17,404,14,1868.68
2023-05-23,Houston,709,164,105,19,404,19,2442.26
2023-05-23,Los_Angeles,1583,467,332,149,613,39,5124.7
2023-05-23,New_York,2131,683,484,258,685,61,8566.4
2023-05-23,Philadelphia,696,144,99,23,425,14,1805.15
2023-05-23,Phoenix,558,96,60,11,378,16,2132.16
2023-05-24,Atlanta,526,91,62,11,357,4,550.2
2023-05-24,Chicago,1002,238,180,71,502,29,4188.25
2023-05-24,Dallas,630,127,84,20,386,16,2066.87
2023-05-24,Houston,687,142,102,31,403,16,2192.71
2023-05-24,Los_Angeles,1614,477,351,154,609,34,4521.07
2023-05-24,New_York,2112,663,480,247,708,56,7826.27
2023-05-24,Philadelphia,767,172,122,36,428,20,2732.2400000000002
2023-05-24,Phoenix,519,83,51,17,364,8,1107.7
2023-05-25,Atlanta,540,85,61,19,372,13,1793.29
2023-05-25,Chicago,955,228,176,68,475,27,3668.92
2023-05-25,Dallas,615,119,74,17,399,17,2343.35
2023-05-25,Houston,665,134,96,22,405,23,3177.81
2023-05-25,Los_Angeles,1683,509,370,161,631,51,7077.650000000001
2023-05-25,New_York,2196,690,521,264,709,56,7871.84
2023-05-25,Philadelphia,814,182,133,46,446,15,1955.37
2023-05-25,Phoenix,517,91,54,12,355,9,1294.8899999999999
2023-05-26,Atlanta,619,110,80,19,404,12,1622.74
2023-05-26,Chicago,966,221,167,65,506,18,2450.87
2023-05-26,Dallas,640,119,91,29,400,15,2153.58
2023-05-26,Houston,641,131,89,24,393,13,1588.04
2023-05-26,Los_Angeles,1731,505,382,197,640,45,6079.94
2023-05-26,New_York,2140,660,493,275,707,49,6626.25
2023-05-26,Philadelphia,761,162,120,41,435,21,2964.31
2023-05-26,Phoenix,537,81,61,11,384,17,2377.95
2023-05-27,Atlanta,487,78,49,7,344,10,1270.81
2023-05-27,Chicago,821,183,132,37,458,20,2897.44
2023-05-27,Dallas,530,87,57,10,370,6,901.33
2023-05-27,Houston,565,98,61,13,384,10,1276.35
2023-05-27,Los_Angeles,1312,349,267,122,569,20,2762.95
2023-05-27,New_York,1844,567,409,202,660,45,6167.42
2023-05-27,Philadelphia,575,98,76,20,376,13,1773.3
2023-05-27,Phoenix,467,63,38,7,351,12,1510.39
2023-05-28,Atlanta,429,55,37,6,327,7,952.6
2023-05-28,Chicago,708,146,105,26,425,22,3161.06
2023-05-28,Dallas,722,237,117,7,352,17,2508.08
2023-05-28,Houston,533,84,56,16,372,14,2025.2
2023-05-28,Los_Angeles,1248,338,247,100,559,27,3861.9
2023-05-28,New_York,1657,481,365,176,630,37,4741.04
2023-05-28,Philadelphia,567,84,72,14,393,11,1605.61
2023-05-28,Phoenix,405,52,27,4,320,12,1606.18
2023-05-29,Atlanta,464,53,44,6,357,21,2976.45
2023-05-29,Chicago,657,128,94,27,398,11,1492.83
2023-05-29,Dallas,473,56,52,4,354,10,1358.32
2023-05-29,Houston,507,80,57,13,350,11,1433.1100000000001
2023-05-29,Los_Angeles,1156,289,220,87,550,31,4295.71
2023-05-29,New_York,1517,426,324,158,607,41,5521.22
2023-05-29,Philadelphia,586,100,65,17,398,14,1962.03
2023-05-29,Phoenix,436,64,47,6,313,9,1228.1399999999999
2023-05-30,Atlanta,516,82,64,14,354,6,794.55
2023-05-30,Chicago,902,211,155,61,472,25,3334.31
2023-05-30,Dallas,569,100,75,13,379,15,1953.8600000000001
2023-05-30,Houston,610,123,84,25,375,18,2255.69
2023-05-30,Los_Angeles,1552,430,329,160,629,35,4729.71
2023-05-30,New_York,2011,611,461,236,697,39,5372.01
2023-05-30,Philadelphia,771,165,120,39,443,19,2452.3
2023-05-30,Phoenix,490,82,47,12,347,14,1912.8700000000001
2023-05-31,Atlanta,564,107,66,19,367,20,2973.92
2023-05-31,Chicago,927,217,165,64,479,23,2914.98
2023-05-31,Dallas,546,85,67,9,381,12,1405.6100000000001
2023-05-31,Houston,608,107,75,19,405,8,1204.65
2023-05-31,Los_Angeles,1734,573,382,151,621,37,4762.01
2023-05-31,New_York,1994,608,463,240,683,45,6096.25
2023-05-31,Philadelphia,825,222,141,27,429,27,3594.27
2023-05-31,Phoenix,481,69,51,11,349,12,1579.69
2023-06-01,Atlanta,555,91,74,12,369,12,1573.24
2023-06-01,Chicago,941,240,162,57,471,23,2794.71
2023-06-01,Dallas,559,97,73,16,370,17,2422.61
2023-06-01,Houston,645,129,83,18,408,11,1614.51
2023-06-01,Los_Angeles,1553,440,322,153,627,31,4405.41
2023-06-01,New_York,2025,619,455,236,699,40,5515.05
2023-06-01,Philadelphia,681,135,91,24,425,19,2538.28
2023-06-01,Phoenix,572,113,74,11,366,13,1700.88
2023-06-02,Atlanta,528,91,62,15,357,12,1574.94
2023-06-02,Chicago,900,197,154,57,492,21,3021.94
2023-06-02,Dallas,571,92,65,17,396,18,2413.32
2023-06-02,Houston,634,114,85,22,411,15,2081.77
2023-06-02,Los_Angeles,1572,445,328,164,633,44,5778.78
2023-06-02,New_York,1989,594,454,243,696,42,5302.37
2023-06-02,Philadelphia,720,141,100,33,441,18,2605.0299999999997
2023-06-02,Phoenix,526,82,66,13,363,15,1923.64
2023-06-03,Atlanta,447,58,38,6,341,11,1437.36
2023-06-03,Chicago,704,134,99,27,438,24,3309.76
2023-06-03,Dallas,497,68,47,9,364,14,1924.64
2023-06-03,Houston,570,103,73,12,374,16,2150.4
2023-06-03,Los_Angeles,1298,375,261,103,545,27,3625.7200000000003
2023-06-03,New_York,1626,482,351,163,621,33,4471.69
2023-06-03,Philadelphia,648,130,92,19,395,13,1699.68
2023-06-03,Phoenix,570,130,69,8,351,12,1670.21
2023-06-04,Atlanta,447,57,35,2,344,10,1260.91
2023-06-04,Chicago,696,140,109,28,414,11,1553.6100000000001
2023-06-04,Dallas,645,177,94,5,359,20,2667.21
2023-06-04,Houston,496,71,44,10,365,11,1520.66
2023-06-04,Los_Angeles,1161,302,227,90,531,32,4192.05
2023-06-04,New_York,1623,483,339,168,621,36,4864.23
2023-06-04,Philadelphia,559,99,67,15,370,22,3125.12
2023-06-04,Phoenix,561,150,73,3,325,23,3351.01
2023-06-05,Atlanta,524,73,60,13,373,11,1381.65
2023-06-05,Chicago,863,196,138,49,473,19,2610.41
2023-06-05,Dallas,558,99,68,16,368,8,1019.11
2023-06-05,Houston,593,109,76,19,386,12,1709.17
2023-06-05,Los_Angeles,1469,414,310,136,600,29,3963.94
2023-06-05,New_York,1882,565,412,222,675,42,5254.14
2023-06-05,Philadelphia,754,175,110,32,421,21,2835.48
2023-06-05,Phoenix,492,71,51,9,357,8,1205.11
2023-06-06,Atlanta,510,87,50,12,355,10,1268.73
2023-06-06,Chicago,862,200,142,48,463,15,2128.84
2023-06-06,Dallas,595,106,75,13,388,14,2053.35
2023-06-06,Houston,587,96,68,18,396,13,1709.3899999999999
2023-06-06,Los_Angeles,1564,460,336,150,597,39,5133.01
2023-06-06,New_York,2014,629,463,225,681,57,7643.2
2023-06-06,Philadelphia,730,156,108,27,423,19,2527.77
2023-06-06,Phoenix,580,126,75,8,354,15,2135.67
2023-06-07,Atlanta,556,85,62,17,386,9,1117.58
2023-06-07,Chicago,907,208,162,55,476,20,2556.89
2023-06-07,Dallas,547,87,65,10,377,11,1549.77
2023-06-07,Houston,647,131,86,22,398,17,2255.32
2023-06-07,Los_Angeles,1466,421,296,148,591,30,4072.15
2023-06-07,New_York,1974,608,446,225,686,51,7046.66
2023-06-07,Philadelphia,717,138,107,33,434,24,2941.76
2023-06-07,Phoenix,474,75,49,7,339,8,1112.76
2023-06-08,Atlanta,561,98,68,14,375,13,1775.68
2023-06-08,Chicago,913,201,159,52,487,26,3360.59
2023-06-08,Dallas,574,102,70,18,379,11,1408.99
2023-06-08,Houston,615,109,78,18,406,14,1680.97
2023-06-08,Los_Angeles,1482,418,313,152,590,33,4672.88
2023-06-08,New_York,2092,644,476,258,703,59,8134.34
2023-06-08,Philadelphia,745,149,118,31,439,29,3841.65
2023-06-08,Phoenix,473,73,49,4,341,13,1757.6
2023-06-09,Atlanta,543,83,61,12,385,18,2405.12
2023-06-09,Chicago,935,215,153,64,501,27,3936.72
2023-06-09,Dallas,617,107,89,21,399,15,1978.1
2023-06-09,Houston,609,99,80,20,408,18,2357.75
2023-06-09,Los_Angeles,1655,472,361,173,646,28,3697.22
2023-06-09,New_York,2128,652,494,265,715,47,6231.71
2023-06-09,Philadelphia,760,154,117,36,450,21,2905.93
2023-06-09,Phoenix,659,166,100,19,369,13,1754.4
2023-06-10,Atlanta,456,53,37,5,361,9,1124.88
2023-06-10,Chicago,721,152,110,29,426,21,3053.9
2023-06-10,Dallas,500,71,53,11,362,11,1684.65
2023-06-10,Houston,492,71,60,13,347,11,1551.46
2023-06-10,Los_Angeles,1132,281,208,95,546,28,3804.06
2023-06-10,New_York,1618,464,349,181,621,38,5004.92
2023-06-10,Philadelphia,574,92,74,20,386,16,2060.89
2023-06-10,Phoenix,438,55,38,6,337,13,1818.6100000000001
2023-06-11,Atlanta,432,51,37,5,335,9,1187.81
2023-06-11,Chicago,692,141,109,26,410,24,3272.99
2023-06-11,Dallas,444,69,50,5,313,11,1589.71
2023-06-11,Houston,491,67,49,8,366,9,1117.74
2023-06-11,Los_Angeles,1199,322,227,93,546,27,3692.62
2023-06-11,New_York,1632,489,355,161,614,30,4021.74
2023-06-11,Philadelphia,573,95,69,11,394,12,1680.8600000000001
2023-06-11,Phoenix,395,49,24,4,312,8,1160.95
2023-06-12,Atlanta,540,94,61,12,368,13,1645.31
2023-06-12,Chicago,936,244,156,50,469,27,3739.4
2023-06-12,Dallas,569,107,80,14,355,16,1974.55
2023-06-12,Houston,594,103,74,13,394,17,2057.79
2023-06-12,Los_Angeles,1560,469,331,148,592,43,5869.13
2023-06-12,New_York,1999,614,454,224,694,42,5815.860000000001
2023-06-12,Philadelphia,734,154,115,32,423,15,1887.25
2023-06-12,Phoenix,494,73,57,12,350,12,1807.89
2023-06-13,Atlanta,547,82,65,17,379,13,1643.21
2023-06-13,Chicago,836,178,139,54,462,23,3123.57
2023-06-13,Dallas,586,101,67,20,394,17,2301.16
2023-06-13,Houston,642,131,91,21,391,18,2369.34
2023-06-13,Los_Angeles,1434,396,296,138,600,35,4962.56
2023-06-13,New_York,1937,573,444,228,690,53,7209.93
2023-06-13,Philadelphia,719,136,108,36,435,22,3020.13
2023-06-13,Phoenix,447,57,40,4,345,6,762.44
2023-06-14,Atlanta,525,76,56,13,378,15,1905.44
2023-06-14,Chicago,893,211,151,45,474,18,2386.48
2023-06-14,Dallas,727,225,112,15,359,16,2270.98
2023-06-14,Houston,568,91,63,15,394,12,1553.53
2023-06-14,Los_Angeles,1535,448,323,143,610,26,3341.03
2023-06-14,New_York,1970,597,441,231,690,51,6769.65
2023-06-14,Philadelphia,741,155,108,30,440,14,1710.69
2023-06-14,Phoenix,434,57,44,6,325,6,873.77
2023-06-15,Atlanta,562,91,73,12,383,16,1982.39
2023-06-15,Chicago,934,223,159,62,482,17,2225.37
2023-06-15,Dallas,737,224,118,12,375,20,3019.79
2023-06-15,Houston,621,107,80,19,413,11,1685.58
2023-06-15,Los_Angeles,1524,431,326,156,609,49,6888.76
2023-06-15,New_York,1992,612,447,233,694,46,6038.06
2023-06-15,Philadelphia,709,145,101,33,423,24,3163.91
2023-06-15,Phoenix,490,79,46,9,351,13,1739.57
2023-06-16,Atlanta,510,75,61,8,363,13,1829.63
2023-06-16,Chicago,936,202,167,68,494,22,3116.19
2023-06-16,Dallas,632,125,79,24,400,15,2161.23
2023-06-16,Houston,608,109,89,23,383,16,2149.61
2023-06-16,Los_Angeles,1580,439,331,167,637,31,4334.9
2023-06-16,New_York,2068,621,486,250,711,49,6614.78
2023-06-16,Philadelphia,863,230,146,42,433,15,1837.11
2023-06-16,Phoenix,545,91,72,11,368,17,2399.67
2023-06-17,Atlanta,576,132,76,6,355,14,1987.31
2023-06-17,Chicago,701,142,109,34,413,19,2703.85
2023-06-17,Dallas,543,86,67,14,373,12,1567.19
2023-06-17,Houston,520,84,56,10,365,15,2090.58
2023-06-17,Los_Angeles,1277,345,252,112,561,33,4500.68
2023-06-17,New_York,1737,527,382,186,634,48,6454.91
2023-06-17,Philadelphia,658,131,86,22,411,16,2114.19
2023-06-17,Phoenix,415,50,35,3,322,13,1634.25
2023-06-18,Atlanta,421,50,36,6,327,16,2135.23
2023-06-18,Chicago,697,129,99,25,442,27,3460.2
2023-06-18,Dallas,446,63,41,5,335,6,802.21
2023-06-18,Houston,437,48,45,11,333,11,1637.28
2023-06-18,Los_Angeles,1140,291,221,90,534,25,3403.66
2023-06-18,New_York,1610,466,355,165,620,46,6134.01
2023-06-18,Philadelphia,555,93,63,18,379,14,1762.83
2023-06-18,Phoenix,410,51,32,5,318,7,874.34
2023-06-19,Atlanta,505,78,60,11,356,11,1447.85
2023-06-19,Chicago,859,183,145,45,483,17,2173.49
2023-06-19,Dallas,574,100,73,23,373,10,1431.15
2023-06-19,Houston,590,100,75,20,392,14,1950.3400000000001
2023-06-19,Los_Angeles,1438,406,296,136,594,41,5408.03
2023-06-19,New_York,1920,569,438,227,684,44,5943.17
2023-06-19,Philadelphia,836,225,140,25,437,23,3236.04
2023-06-19,Phoenix,498,71,61,10,353,10,1319.09
2023-06-20,Atlanta,528,82,57,4,375,7,882.11
2023-06-20,Chicago,871,197,146,58,466,17,2224.75
2023-06-20,Dallas,556,95,61,21,375,15,2019.3700000000001
2023-06-20,Houston,557,102,62,14,371,15,1824.29
2023-06-20,Los_Angeles,1489,412,314,144,611,46,6048.6
2023-06-20,New_York,1935,585,426,235,675,45,6087.79
2023-06-20,Philadelphia,680,127,101,30,422,25,3249.9700000000003
2023-06-20,Phoenix,590,143,85,8,345,14,1820.0700000000002
2023-06-21,Atlanta,561,100,67,17,370,8,1066.47
2023-06-21,Chicago,817,174,143,53,443,17,2379.9
2023-06-21,Dallas,572,98,73,17,378,8,1068.41
2023-06-21,Houston,609,101,72,17,413,15,1929.3300000000002
2023-06-21,Los_Angeles,1484,414,312,146,602,41,5639.74
2023-06-21,New_York,2056,676,471,214,684,36,4844.7
2023-06-21,Philadelphia,640,115,86,30,403,19,2616.8
2023-06-21,Phoenix,507,69,64,9,361,9,1106.22
2023-06-22,Atlanta,525,85,64,15,355,12,1662.65
2023-06-22,Chicago,931,209,160,66,489,22,2985.86
2023-06-22,Dallas,552,90,66,15,377,12,1615.18
2023-06-22,Houston,626,121,80,26,391,17,2244.95
2023-06-22,Los_Angeles,1551,436,333,149,621,27,3274.13
2023-06-22,New_York,1993,596,446,238,705,55,7435.75
2023-06-22,Philadelphia,793,178,121,39,442,17,2198.55
2023-06-22,Phoenix,545,87,71,19,368,10,1184.9
2023-06-23,Atlanta,511,88,61,15,344,12,1637.59
2023-06-23,Chicago,940,219,171,67,479,25,3701.48
2023-06-23,Dallas,589,101,72,15,398,14,1897.8899999999999
2023-06-23,Houston,631,109,87,21,408,28,3935.86
2023-06-23,Los_Angeles,1618,481,348,154,629,48,6409.54
2023-06-23,New_York,2115,656,492,264,703,43,5672.89
2023-06-23,Philadelphia,782,157,132,44,444,20,2918.09
2023-06-23,Phoenix,505,89,61,10,345,9,1042.17
2023-06-24,Atlanta,487,72,47,10,354,10,1479.58
2023-06-24,Chicago,747,149,123,42,433,21,2875.6
2023-06-24,Dallas,506,72,58,9,367,14,2025.98
2023-06-24,Houston,523,81,59,14,367,14,2004.18
2023-06-24,Los_Angeles,1251,329,246,111,559,41,5615.53
2023-06-24,New_York,1692,496,369,175,646,47,6366.1900000000005
2023-06-24,Philadelphia,568,90,72,17,384,15,1999.22
2023-06-24,Phoenix,464,55,46,6,355,7,1036.8899999999999
2023-06-25,Atlanta,451,57,44,6,343,16,2224.06
2023-06-25,Chicago,680,125,110,30,414,15,2219.42
2023-06-25,Dallas,451,58,46,6,338,13,1629.56
2023-06-25,Houston,483,66,51,7,355,9,1220.63
2023-06-25,Los_Angeles,1171,306,231,99,531,24,3153.36
2023-06-25,New_York,1475,408,307,138,616,23,3035.43
2023-06-25,Philadelphia,578,98,71,16,391,14,1845.21
2023-06-25,Phoenix,417,52,34,4,326,8,1118.63
2023-06-26,Atlanta,565,95,63,19,380,18,2446.87
2023-06-26,Chicago,919,212,153,61,481,34,4577.82
2023-06-26,Dallas,603,107,74,19,397,18,2321.21
2023-06-26,Houston,587,107,73,14,383,13,1710.28
2023-06-26,Los_Angeles,1480,411,302,145,612,43,6256.1
2023-06-26,New_York,1988,610,453,234,682,57,7949.56
2023-06-26,Philadelphia,733,154,114,29,425,21,2830.41
2023-06-26,Phoenix,447,56,44,9,330,12,1562.96
2023-06-27,Atlanta,590,109,73,16,382,13,1797.72
2023-06-27,Chicago,978,259,180,49,475,18,2633.08
2023-06-27,Dallas,558,95,71,17,369,15,2056.01
2023-06-27,Houston,687,154,90,20,404,19,2672.26
2023-06-27,Los_Angeles,1561,455,328,154,610,37,4836.01
2023-06-27,New_York,2012,635,461,218,682,60,7935.74
2023-06-27,Philadelphia,694,142,97,30,420,22,3166.17
2023-06-27,Phoenix,480,73,44,9,347,11,1567.74
2023-06-28,Atlanta,513,76,54,10,367,16,2359.4
2023-06-28,Chicago,866,212,150,51,445,16,2367.23
2023-06-28,Dallas,610,105,76,23,401,13,1776.03
2023-06-28,Houston,652,143,90,12,398,20,2806.21
2023-06-28,Los_Angeles,1472,412,302,142,607,32,4132.73
2023-06-28,New_York,1935,574,442,239,676,30,4304.31
2023-06-28,Philadelphia,716,155,104,25,423,17,2453.43
2023-06-28,Phoenix,488,78,50,6,350,8,1046.79
2023-06-29,Atlanta,556,96,76,19,360,13,1684.58
2023-06-29,Chicago,891,201,150,52,481,26,3681.9700000000003
2023-06-29,Dallas,609,127,80,20,377,14,1752.74
2023-06-29,Houston,564,93,71,12,383,9,1248.68
2023-06-29,Los_Angeles,1592,446,345,166,630,47,6005.45
2023-06-29,New_York,2050,616,461,253,715,49,6719.22
2023-06-29,Philadelphia,724,161,104,35,416,15,2128.75
2023-06-29,Phoenix,479,65,48,11,349,7,997.79
2023-06-30,Atlanta,564,104,70,15,368,13,1649.19
2023-06-30,Chicago,942,221,172,63,480,15,2048.64
2023-06-30,Dallas,600,98,81,14,400,17,2377.14
2023-06-30,Houston,631,119,84,25,403,9,1170.22
2023-06-30,Los_Angeles,1684,501,368,173,631,48,6491.38
2023-06-30,New_York,2181,674,503,265,726,68,8964.65
2023-06-30,Philadelphia,768,163,121,43,438,15,1818.29
2023-06-30,Phoenix,523,80,56,14,371,10,1238.1599999999999
2023-07-01,Atlanta,509,92,54,10,343,20,2814.62
2023-07-01,Chicago,766,186,117,34,420,22,3090.2
2023-07-01,Dallas,458,60,43,5,349,14,1948.85
2023-07-01,Houston,568,97,75,10,377,13,1839.11
2023-07-01,Los_Angeles,1352,394,276,108,564,35,4560.63
2023-07-01,New_York,1786,547,392,196,642,44,5810.25
2023-07-01,Philadelphia,550,93,76,15,364,12,1805.09
2023-07-01,Phoenix,446,65,39,4,333,8,1039.17
2023-07-02,Atlanta,483,71,45,7,348,7,1002.47
2023-07-02,Chicago,692,142,106,28,407,21,2723.5099999999998
2023-07-02,Dallas,496,84,44,5,346,9,1036.21
2023-07-02,Houston,546,111,57,9,351,11,1514.51
2023-07-02,Los_Angeles,1231,351,234,88,537,36,4859.62
2023-07-02,New_York,1671,529,363,150,612,43,5895.77
2023-07-02,Philadelphia,552,95,69,11,371,14,1819.82
2023-07-02,Phoenix,433,66,41,8,305,12,1714.73
2023-07-03,Atlanta,520,83,64,7,360,11,1553.12
2023-07-03,Chicago,830,176,127,47,472,9,1330.2
2023-07-03,Dallas,580,104,73,18,379,14,1716.18
2023-07-03,Houston,590,99,73,16,398,17,2343.82
2023-07-03,Los_Angeles,1500,435,323,144,587,42,5137.23
2023-07-03,New_York,2033,643,457,231,692,50,6484.84
2023-07-03,Philadelphia,739,149,113,39,431,26,3483.03
2023-07-03,Phoenix,483,70,54,10,347,15,2013.33
2023-07-04,Atlanta,390,45,30,2,311,6,774.49
2023-07-04,Chicago,652,136,97,27,389,15,1926.27
2023-07-04,Dallas,410,49,34,7,320,8,1041.63
2023-07-04,Houston,454,67,49,6,327,8,1130.57
2023-07-04,Los_Angeles,1246,368,248,95,527,47,6351.0199999999995
2023-07-04,New_York,1494,433,317,152,587,32,4308.75
2023-07-04,Philadelphia,644,161,92,16,365,20,2695.0
2023-07-04,Phoenix,407,54,31,2,316,11,1516.8899999999999
2023-07-05,Atlanta,575,119,74,8,365,19,2598.38
2023-07-05,Chicago,884,200,150,52,474,20,2757.57
2023-07-05,Dallas,560,89,69,15,383,15,2132.85
2023-07-05,Houston,605,106,73,20,400,13,1776.06
2023-07-05,Los_Angeles,1664,522,363,151,619,44,6352.78
2023-07-05,New_York,1956,592,437,234,685,51,6813.46
2023-07-05,Philadelphia,701,153,96,34,409,12,1523.33
2023-07-05,Phoenix,508,81,59,13,352,17,2368.59
2023-07-06,Atlanta,555,83,67,17,386,12,1628.69
2023-07-06,Chicago,879,201,148,58,472,16,2009.88
2023-07-06,Dallas,575,99,74,20,380,12,1770.96
2023-07-06,Houston,583,104,79,20,378,21,3026.8
2023-07-06,Los_Angeles,1617,482,355,161,615,43,5733.9800000000005
2023-07-06,New_York,2101,659,485,245,708,55,7559.05
2023-07-06,Philadelphia,885,237,159,35,448,22,3004.85
2023-07-06,Phoenix,520,83,57,9,371,16,2120.56
2023-07-07,Atlanta,580,100,78,18,380,13,1788.7
2023-07-07,Chicago,981,229,172,64,510,28,3860.52
2023-07-07,Dallas,592,107,72,23,389,15,1812.55
2023-07-07,Houston,713,185,103,21,394,22,3133.12
2023-07-07,Los_Angeles,1678,486,368,177,637,45,5948.360000000001
2023-07-07,New_York,2178,690,498,259,719,55,7201.05
2023-07-07,Philadelphia,802,176,130,50,440,21,2966.09
2023-07-07,Phoenix,528,90,59,12,360,16,2154.44
2023-07-08,Atlanta,421,60,32,4,319,14,1762.08
2023-07-08,Chicago,759,174,124,36,416,17,2285.79
2023-07-08,Dallas,489,69,45,11,357,12,1579.99
2023-07-08,Houston,513,88,59,6,352,18,2310.41
2023-07-08,Los_Angeles,1338,361,271,116,576,36,4897.9400000000005
2023-07-08,New_York,1664,494,358,171,625,42,5956.87
2023-07-08,Philadelphia,638,123,89,23,397,17,2249.45
2023-07-08,Phoenix,415,46,35,5,326,4,675.06
2023-07-09,Atlanta,481,68,52,5,351,10,1322.66
2023-07-09,Chicago,731,155,112,34,419,13,1601.97
2023-07-09,Dallas,452,51,48,6,345,12,1700.1
2023-07-09,Houston,529,90,61,8,360,11,1556.61
2023-07-09,Los_Angeles,1197,319,224,99,545,17,2368.33
2023-07-09,New_York,1734,543,376,171,629,40,5642.34
2023-07-09,Philadelphia,582,103,75,16,380,17,2145.12
2023-07-09,Phoenix,414,46,33,7,324,9,1231.26
2023-07-10,Atlanta,568,115,70,14,359,8,1053.91
2023-07-10,Chicago,872,191,140,56,478,26,3515.9700000000003
2023-07-10,Dallas,544,90,68,14,366,17,2147.12
2023-07-10,Houston,598,112,75,22,384,11,1382.98
2023-07-10,Los_Angeles,1556,448,328,155,617,47,6398.16
2023-07-10,New_York,2026,622,456,240,692,35,4983.62
2023-07-10,Philadelphia,725,145,109,32,431,22,2920.2599999999998
2023-07-10,Phoenix,488,71,50,8,352,16,2167.17
2023-07-11,Atlanta,488,77,55,9,345,14,1836.89
2023-07-11,Chicago,857,180,137,47,488,17,2321.28
2023-07-11,Dallas,531,84,65,15,362,12,1718.35
2023-07-11,Houston,602,115,80,23,379,17,2271.59
2023-07-11,Los_Angeles,1524,422,314,167,618,37,4731.02
2023-07-11,New_York,1898,567,426,230,672,46,6181.75
2023-07-11,Philadelphia,851,250,150,25,418,20,2380.53
2023-07-11,Phoenix,568,104,65,10,377,12,1672.69
2023-07-12,Atlanta,512,93,59,8,339,15,2028.31
2023-07-12,Chicago,886,190,156,51,479,19,2414.57
2023-07-12,Dallas,566,91,67,12,388,14,2042.54
2023-07-12,Houston,600,102,74,18,397,11,1550.06
2023-07-12,Los_Angeles,1528,448,312,139,608,36,4850.1
2023-07-12,New_York,1955,586,447,233,683,54,7144.26
2023-07-12,Philadelphia,745,152,116,32,438,29,3826.98
2023-07-12,Phoenix,533,90,53,14,368,11,1394.62
2023-07-13,Atlanta,480,78,53,14,332,11,1481.1499999999999
2023-07-13,Chicago,924,214,168,66,469,23,3018.24
2023-07-13,Dallas,619,110,79,23,404,15,1771.49
2023-07-13,Houston,612,123,83,24,380,21,2686.08
2023-07-13,Los_Angeles,1571,446,336,164,623,38,5202.62
2023-07-13,New_York,2121,657,483,254,721,49,6928.72
2023-07-13,Philadelphia,864,233,146,41,439,22,3090.71
2023-07-13,Phoenix,519,92,64,21,340,12,1653.58
2023-07-14,Atlanta,546,77,65,11,389,13,1734.29
2023-07-14,Chicago,999,240,185,77,493,29,4173.06
2023-07-14,Dallas,616,118,86,23,381,15,2053.38
2023-07-14,Houston,660,136,95,25,396,14,1812.6299999999999
2023-07-14,Los_Angeles,1652,487,356,171,635,49,6650.55
2023-07-14,New_York,2126,659,485,261,713,46,6117.79
2023-07-14,Philadelphia,752,159,119,38,435,18,2534.57
2023-07-14,Phoenix,679,184,99,10,379,17,2324.49
2023-07-15,Atlanta,464,68,44,8,340,8,1094.05
2023-07-15,Chicago,743,154,110,36,434,17,2086.93
2023-07-15,Dallas,470,62,46,10,348,8,1062.79
2023-07-15,Houston,525,89,62,11,354,7,926.4000000000001
2023-07-15,Los_Angeles,1263,330,256,109,563,34,4518.53
2023-07-15,New_York,1661,486,355,178,639,42,5733.32
2023-07-15,Philadelphia,561,88,67,12,392,7,950.46
2023-07-15,Phoenix,499,101,56,5,328,8,1111.37
2023-07-16,Atlanta,414,48,31,4,328,11,1527.4099999999999
2023-07-16,Chicago,680,130,88,29,428,15,2001.6399999999999
2023-07-16,Dallas,464,65,35,9,350,10,1507.04
2023-07-16,Houston,647,163,92,11,370,19,2831.4700000000003
2023-07-16,Los_Angeles,1234,337,241,104,542,28,3515.27
2023-07-16,New_York,1621,480,345,159,623,36,4739.64
2023-07-16,Philadelphia,598,108,71,14,399,19,2848.31
2023-07-16,Phoenix,418,55,35,3,318,9,1143.24
2023-07-17,Atlanta,515,82,66,11,353,12,1546.49
2023-07-17,Chicago,912,224,165,57,458,26,3387.97
2023-07-17,Dallas,529,92,59,17,357,14,1750.8
2023-07-17,Houston,612,116,84,22,383,15,2115.21
2023-07-17,Los_Angeles,1531,452,320,145,605,33,4377.13
2023-07-17,New_York,2150,731,499,231,671,57,7725.2
2023-07-17,Philadelphia,675,142,90,26,412,20,2574.9700000000003
2023-07-17,Phoenix,509,69,49,8,381,10,1395.8400000000001
2023-07-18,Atlanta,547,88,72,12,375,19,2633.96
2023-07-18,Chicago,800,166,127,49,456,16,2109.92
2023-07-18,Dallas,568,103,71,15,376,15,2034.21
2023-07-18,Houston,634,119,80,23,408,16,2167.73
2023-07-18,Los_Angeles,1558,440,337,164,617,36,4881.04
2023-07-18,New_York,1922,573,436,225,688,53,7467.72
2023-07-18,Philadelphia,694,131,98,26,436,18,2471.86
2023-07-18,Phoenix,477,63,53,10,349,12,1554.02
2023-07-19,Atlanta,557,102,66,12,368,11,1480.9
2023-07-19,Chicago,904,217,155,61,457,21,2717.74
2023-07-19,Dallas,627,131,81,15,393,18,2407.54
2023-07-19,Houston,638,127,91,25,384,13,1658.79
2023-07-19,Los_Angeles,1503,430,316,156,595,26,3638.99
2023-07-19,New_York,1962,601,443,228,679,46,6107.32
2023-07-19,Philadelphia,694,138,98,32,420,17,2466.17
2023-07-19,Phoenix,556,121,69,14,345,13,1720.52
2023-07-20,Atlanta,556,103,68,13,362,16,1978.82
2023-07-20,Chicago,1029,285,189,65,468,24,3585.48
2023-07-20,Dallas,697,175,103,19,379,19,2911.58
2023-07-20,Houston,628,115,83,26,392,16,2144.72
2023-07-20,Los_Angeles,1627,470,358,173,614,34,4680.93
2023-07-20,New_York,2127,667,487,254,696,50,6818.39
2023-07-20,Philadelphia,725,147,114,28,422,13,1781.25
2023-07-20,Phoenix,509,88,48,12,354,11,1598.19
2023-07-21,Atlanta,570,103,69,15,378,15,1965.96
2023-07-21,Chicago,945,226,154,64,492,32,4313.14
2023-07-21,Dallas,754,208,124,23,387,26,3830.9300000000003
2023-07-21,Houston,705,148,105,30,419,16,2031.03
2023-07-21,Los_Angeles,1634,484,357,167,623,36,5030.79
2023-07-21,New_York,2206,693,507,263,736,61,8585.47
2023-07-21,Philadelphia,738,155,111,35,431,15,2107.31
2023-07-21,Phoenix,541,75,61,15,384,11,1412.08
2023-07-22,Atlanta,474,68,50,4,349,9,1287.57
2023-07-22,Chicago,708,141,99,34,433,19,2494.5299999999997
2023-07-22,Dallas,434,58,41,8,325,5,640.5
2023-07-22,Houston,523,84,61,19,357,9,1260.67
2023-07-22,Los_Angeles,1288,335,256,124,571,27,3741.61
2023-07-22,New_York,1699,498,369,184,642,38,5357.02
2023-07-22,Philadelphia,657,124,85,26,420,16,2021.1399999999999
2023-07-22,Phoenix,452,64,36,4,346,11,1630.51
2023-07-23,Atlanta,491,64,39,4,376,20,2706.27
2023-07-23,Chicago,794,184,129,37,426,22,2906.44
2023-07-23,Dallas,477,77,52,5,340,16,2035.76
2023-07-23,Houston,593,126,78,8,368,16,2023.82
2023-07-23,Los_Angeles,1251,333,246,109,555,25,3505.49
2023-07-23,New_York,1781,577,394,172,621,44,5857.53
2023-07-23,Philadelphia,582,101,64,11,398,11,1436.7
2023-07-23,Phoenix,418,57,36,5,313,9,1150.22
2023-07-24,Atlanta,543,83,67,14,371,13,1892.38
2023-07-24,Chicago,856,191,136,55,471,18,2511.91
2023-07-24,Dallas,538,90,73,10,361,13,1802.63
2023-07-24,Houston,587,106,68,18,392,12,1652.8400000000001
2023-07-24,Los_Angeles,1545,447,326,149,611,53,7296.25
2023-07-24,New_York,1921,578,431,223,685,45,5954.42
2023-07-24,Philadelphia,741,156,116,33,432,18,2409.31
2023-07-24,Phoenix,496,73,59,11,349,7,882.03
2023-07-25,Atlanta,706,192,103,19,372,23,3400.56
2023-07-25,Chicago,850,193,135,49,458,18,2434.3
2023-07-25,Dallas,607,112,65,25,396,10,1424.01
2023-07-25,Houston,606,119,84,19,372,18,2403.49
2023-07-25,Los_Angeles,1478,429,310,142,589,39,5225.64
2023-07-25,New_York,2087,669,473,241,691,37,4807.86
2023-07-25,Philadelphia,725,161,107,27,412,24,3265.13
2023-07-25,Phoenix,530,97,64,9,349,10,1414.1
2023-07-26,Atlanta,498,75,53,10,359,7,914.03
2023-07-26,Chicago,897,216,154,61,454,28,4026.02
2023-07-26,Dallas,541,83,66,13,373,15,1980.42
2023-07-26,Houston,611,112,84,20,388,10,1363.27
2023-07-26,Los_Angeles,1506,425,313,148,606,33,4296.86
2023-07-26,New_York,2002,615,463,225,685,54,7568.75
2023-07-26,Philadelphia,712,152,102,29,417,23,3085.97
2023-07-26,Phoenix,479,71,58,11,337,10,1349.65
2023-07-27,Atlanta,525,82,62,8,364,11,1333.04
2023-07-27,Chicago,934,218,159,59,489,23,2802.4700000000003
2023-07-27,Dallas,715,184,105,21,387,26,3465.0299999999997
2023-07-27,Houston,654,116,85,28,423,14,1831.02
2023-07-27,Los_Angeles,1564,449,338,164,606,42,5527.39
2023-07-27,New_York,2141,680,493,256,697,47,6479.49
2023-07-27,Philadelphia,743,152,108,31,445,21,2903.92
2023-07-27,Phoenix,557,94,64,15,381,17,2333.9
2023-07-28,Atlanta,549,94,62,12,379,15,2116.21
2023-07-28,Chicago,971,230,168,74,492,25,3333.13
2023-07-28,Dallas,589,106,72,19,384,17,2432.84
2023-07-28,Houston,661,131,96,29,396,24,3247.08
2023-07-28,Los_Angeles,1612,463,351,159,630,41,5565.33
2023-07-28,New_York,2140,656,489,264,727,57,7543.46
2023-07-28,Philadelphia,889,209,146,53,480,20,2710.4
2023-07-28,Phoenix,523,78,52,14,379,8,1043.39
2023-07-29,Atlanta,482,79,50,7,338,11,1460.97
2023-07-29,Chicago,777,176,121,37,434,22,2992.13
2023-07-29,Dallas,572,97,63,16,389,20,2801.39
2023-07-29,Houston,567,100,71,10,370,10,1256.94
2023-07-29,Los_Angeles,1361,388,284,119,559,35,4688.49
2023-07-29,New_York,1765,546,385,178,638,38,4978.68
2023-07-29,Philadelphia,564,95,73,15,372,22,2835.15
2023-07-29,Phoenix,465,65,43,4,341,13,1933.45
2023-07-30,Atlanta,462,65,43,7,345,5,727.72
2023-07-30,Chicago,686,132,95,31,427,19,2529.19
2023-07-30,Dallas,432,60,40,6,326,11,1354.9
2023-07-30,Houston,467,69,48,8,340,2,214.67000000000002
2023-07-30,Los_Angeles,1205,313,232,101,557,34,4532.03
2023-07-30,New_York,1606,454,352,175,625,47,6597.88
2023-07-30,Philadelphia,622,117,82,22,397,15,2097.11
2023-07-30,Phoenix,354,34,23,0,295,9,1261.3
2023-07-31,Atlanta,479,77,57,9,332,15,2060.37
2023-07-31,Chicago,878,206,148,51,467,23,3151.6800000000003
2023-07-31,Dallas,628,156,96,13,357,11,1462.62
2023-07-31,Houston,563,96,73,15,377,22,3319.08
2023-07-31,Los_Angeles,1536,434,335,150,613,35,4607.6
2023-07-31,New_York,1966,585,453,233,691,59,7726.03
2023-07-31,Philadelphia,759,158,115,37,446,17,2344.91
2023-07-31,Phoenix,498,72,63,11,350,15,1930.16
2023-08-01,Atlanta,577,103,70,16,386,20,2535.08
2023-08-01,Chicago,930,216,158,65,490,19,2646.62
2023-08-01,Dallas,577,102,75,22,376,12,1749.97
2023-08-01,Houston,652,127,96,26,398,17,2287.42
2023-08-01,Los_Angeles,1579,443,334,173,627,32,4363.19
2023-08-01,New_York,2122,648,490,261,721,59,8331.69
2023-08-01,Philadelphia,720,152,107,30,427,13,1788.77
2023-08-01,Phoenix,482,75,50,12,344,14,1830.33
2023-08-02,Atlanta,553,92,66,15,379,16,2131.36
2023-08-02,Chicago,911,216,152,58,475,29,4178.14
2023-08-02,Dallas,581,107,77,17,373,15,2029.87
2023-08-02,Houston,618,111,90,22,394,16,2232.22
2023-08-02,Los_Angeles,1597,460,336,160,632,24,3218.06
2023-08-02,New_York,2167,672,501,265,723,43,5874.99
2023-08-02,Philadelphia,751,158,121,36,430,23,3194.47
2023-08-02,Phoenix,601,131,76,11,379,12,1656.24
2023-08-03,Atlanta,556,93,71,15,371,10,1238.81
2023-08-03,Chicago,1004,237,176,68,508,20,2714.4
2023-08-03,Dallas,846,260,143,23,400,21,2849.84
2023-08-03,Houston,679,144,100,22,398,23,3034.0
2023-08-03,Los_Angeles,1731,522,374,186,637,44,6182.2300000000005
2023-08-03,New_York,2239,719,518,267,714,54,7116.8
2023-08-03,Philadelphia,815,183,132,45,440,21,2883.76
2023-08-03,Phoenix,551,98,61,12,367,9,1096.33
2023-08-04,Atlanta,629,127,82,13,395,17,2315.21
2023-08-04,Chicago,1051,262,188,77,507,22,3082.77
2023-08-04,Dallas,612,105,78,25,402,10,1118.91
2023-08-04,Houston,802,225,136,33,396,26,3525.33
2023-08-04,Los_Angeles,1811,567,398,189,638,44,5916.8
2023-08-04,New_York,2401,763,550,304,767,55,7221.46
2023-08-04,Philadelphia,816,182,133,48,449,20,2892.21
2023-08-04,Phoenix,566,87,72,19,382,16,2079.81
2023-08-05,Atlanta,465,59,44,8,350,19,2461.05
2023-08-05,Chicago,824,183,136,47,451,19,2606.56
2023-08-05,Dallas,544,89,65,16,366,13,1677.72
2023-08-05,Houston,833,299,151,13,363,16,1798.91
2023-08-05,Los_Angeles,1385,395,282,125,570,33,4363.16
2023-08-05,New_York,1756,509,394,194,655,47,6601.22
2023-08-05,Philadelphia,665,130,96,21,407,11,1389.96
2023-08-05,Phoenix,445,68,43,6,326,13,1782.38
2023-08-06,Atlanta,516,79,50,9,372,8,997.1600000000001
2023-08-06,Chicago,765,152,115,33,459,21,2606.87
2023-08-06,Dallas,480,71,49,5,349,21,2618.51
2023-08-06,Houston,541,94,69,18,356,20,2672.11
2023-08-06,Los_Angeles,1285,350,249,120,560,32,4256.56
2023-08-06,New_York,1722,513,386,179,633,49,6434.28
2023-08-06,Philadelphia,608,105,78,16,401,18,2543.07
2023-08-06,Phoenix,423,49,36,7,328,9,1070.59
2023-08-07,Atlanta,558,86,64,16,390,11,1421.44
2023-08-07,Chicago,971,242,169,60,486,28,3860.27
2023-08-07,Dallas,713,174,114,18,397,18,2613.98
2023-08-07,Houston,654,125,87,22,410,21,2862.61
2023-08-07,Los_Angeles,1622,464,351,174,622,43,5647.38
2023-08-07,New_York,2248,734,519,255,714,59,8349.02
2023-08-07,Philadelphia,847,223,146,35,432,13,1633.82
2023-08-07,Phoenix,542,82,68,15,370,21,2862.75
2023-08-08,Atlanta,535,83,70,12,366,15,2111.73
2023-08-08,Chicago,907,209,157,57,482,24,2905.01
2023-08-08,Dallas,582,101,74,24,381,19,2479.68
2023-08-08,Houston,638,123,98,27,385,15,2118.78
2023-08-08,Los_Angeles,1589,446,348,163,630,38,5204.21
2023-08-08,New_York,2154,660,498,267,725,70,9117.24
2023-08-08,Philadelphia,718,138,108,34,434,20,2594.08
2023-08-08,Phoenix,509,66,59,7,374,8,1028.01
2023-08-09,Atlanta,547,89,53,10,388,15,2109.82
2023-08-09,Chicago,953,228,158,64,495,31,4181.71
2023-08-09,Dallas,558,87,67,15,387,20,2825.99
2023-08-09,Houston,590,103,83,24,375,7,1027.24
2023-08-09,Los_Angeles,1600,458,342,168,625,34,4702.84
2023-08-09,New_York,2135,680,480,248,716,45,6587.62
2023-08-09,Philadelphia,744,137,111,36,459,20,2833.9900000000002
2023-08-09,Phoenix,568,133,83,13,332,18,2333.09
2023-08-10,Atlanta,580,99,71,20,390,15,2185.68
2023-08-10,Chicago,1096,327,209,73,484,36,4635.48
2023-08-10,Dallas,611,114,77,20,398,23,3060.4700000000003
2023-08-10,Houston,669,125,88,30,424,14,1951.1
2023-08-10,Los_Angeles,1703,501,378,183,639,46,6250.86
2023-08-10,New_York,2129,646,491,265,727,39,5227.22
2023-08-10,Philadelphia,792,170,123,42,454,14,1996.11
2023-08-10,Phoenix,543,85,66,12,378,13,1745.11
2023-08-11,Atlanta,597,103,74,17,401,10,1443.74
2023-08-11,Chicago,1063,283,188,71,505,29,3894.05
2023-08-11,Dallas,693,156,100,25,404,17,2453.2999999999997
2023-08-11,Houston,713,144,97,37,428,19,2400.48
2023-08-11,Los_Angeles,1784,528,389,197,668,43,5878.13
2023-08-11,New_York,2262,701,535,293,731,58,7675.49
2023-08-11,Philadelphia,832,187,141,49,449,31,4116.04
2023-08-11,Phoenix,525,78,63,10,374,19,2588.69
2023-08-12,Atlanta,499,74,51,10,359,9,1301.3
2023-08-12,Chicago,782,169,128,43,435,17,2356.4
2023-08-12,Dallas,624,153,86,14,361,10,1388.8
2023-08-12,Houston,565,93,69,15,379,11,1653.1
2023-08-12,Los_Angeles,1421,394,280,141,599,40,5445.91
2023-08-12,New_York,1866,562,418,207,663,48,6367.04
2023-08-12,Philadelphia,622,113,84,20,400,18,2653.41
2023-08-12,Phoenix,448,60,42,5,336,9,1218.15
2023-08-13,Atlanta,482,71,46,9,352,9,1145.68
2023-08-13,Chicago,767,160,115,37,446,15,1944.9499999999998
2023-08-13,Dallas,547,96,64,9,366,18,2521.89
2023-08-13,Houston,510,84,56,10,350,15,2164.46
2023-08-13,Los_Angeles,1304,356,260,119,558,29,3876.73
2023-08-13,New_York,1737,511,382,198,644,35,4695.24
2023-08-13,Philadelphia,605,135,75,17,365,16,2384.83
2023-08-13,Phoenix,463,66,47,3,341,4,567.61
2023-08-14,Atlanta,548,97,64,23,360,19,2510.43
2023-08-14,Chicago,1121,336,215,68,490,28,3968.31
2023-08-14,Dallas,626,117,80,23,394,23,3111.16
2023-08-14,Houston,674,131,89,22,427,11,1495.23
2023-08-14,Los_Angeles,1582,450,340,169,615,53,7313.82
2023-08-14,New_York,2195,679,513,271,714,66,8773.26
2023-08-14,Philadelphia,852,200,136,49,455,24,3166.2
2023-08-14,Phoenix,524,83,60,16,357,10,1384.8899999999999
2023-08-15,Atlanta,547,86,62,13,383,12,1799.0
2023-08-15,Chicago,916,219,156,60,477,21,2781.72
2023-08-15,Dallas,591,114,79,16,376,14,1883.58
2023-08-15,Houston,629,118,78,15,408,18,2443.42
2023-08-15,Los_Angeles,1548,441,335,161,602,39,5624.32
2023-08-15,New_York,2138,675,496,248,708,49,6632.14
2023-08-15,Philadelphia,713,146,103,38,418,17,2325.53
2023-08-15,Phoenix,504,75,53,7,365,18,2542.41
2023-08-16,Atlanta,571,107,67,16,379,6,780.02
2023-08-16,Chicago,1042,295,183,68,484,21,2940.17
2023-08-16,Dallas,639,124,86,17,405,16,2340.94
2023-08-16,Houston,615,117,82,24,389,14,1998.02
2023-08-16,Los_Angeles,1568,453,332,169,607,27,3798.9300000000003
2023-08-16,New_York,2012,605,454,240,706,50,6837.99
2023-08-16,Philadelphia,759,164,110,37,441,30,3849.65
2023-08-16,Phoenix,508,79,55,7,360,11,1470.5
2023-08-17,Atlanta,615,108,81,24,397,21,2799.47
2023-08-17,Chicago,997,232,179,64,515,28,3782.02
2023-08-17,Dallas,729,185,117,21,400,16,2242.08
2023-08-17,Houston,646,114,95,27,407,5,659.27
2023-08-17,Los_Angeles,1803,555,395,199,643,54,7288.21
2023-08-17,New_York,2252,694,512,286,751,47,5903.71
2023-08-17,Philadelphia,829,180,137,49,459,25,3162.79
2023-08-17,Phoenix,517,74,54,12,373,12,1607.91
2023-08-18,Atlanta,650,150,96,19,377,14,2072.56
2023-08-18,Chicago,1023,239,180,80,516,24,3065.5299999999997
2023-08-18,Dallas,662,120,96,26,416,20,2831.16
2023-08-18,Houston,705,151,101,35,416,29,4299.53
2023-08-18,Los_Angeles,1820,540,407,198,666,49,6810.54
2023-08-18,New_York,2399,753,565,321,754,45,6404.2
2023-08-18,Philadelphia,921,244,166,51,449,20,2602.72
2023-08-18,Phoenix,567,98,71,21,372,12,1639.42
2023-08-19,Atlanta,532,93,58,9,360,11,1411.35
2023-08-19,Chicago,855,214,140,29,457,18,2313.1
2023-08-19,Dallas,539,86,69,13,357,12,1582.45
2023-08-19,Houston,660,156,96,14,379,17,2400.07
2023-08-19,Los_Angeles,1485,454,301,131,581,42,5617.39
2023-08-19,New_York,2094,755,481,183,653,50,6683.12
2023-08-19,Philadelphia,669,136,91,22,407,18,2140.5299999999997
2023-08-19,Phoenix,475,66,53,6,341,15,1984.35
2023-08-20,Atlanta,463,64,49,7,342,13,1615.6599999999999
2023-08-20,Chicago,711,140,112,29,425,16,2151.14
2023-08-20,Dallas,513,83,59,15,352,12,1595.09
2023-08-20,Houston,504,87,62,9,342,6,908.36
2023-08-20,Los_Angeles,1433,443,309,106,570,35,4422.54
2023-08-20,New_York,1730,519,391,186,630,45,6089.88
2023-08-20,Philadelphia,605,118,78,13,391,11,1511.56
2023-08-20,Phoenix,417,51,25,2,337,8,1197.86
2023-08-21,Atlanta,557,92,63,14,380,14,1971.35
2023-08-21,Chicago,992,244,180,71,492,20,2589.64
2023-08-21,Dallas,626,123,86,20,386,20,2671.9
2023-08-21,Houston,685,135,95,24,423,17,2104.09
2023-08-21,Los_Angeles,1692,510,363,175,628,35,4421.38
2023-08-21,New_York,2105,656,486,245,710,55,7144.49
2023-08-21,Philadelphia,772,162,122,41,440,19,2557.75
2023-08-21,Phoenix,554,101,64,12,367,15,1962.12
2023-08-22,Atlanta,632,144,85,12,377,21,2657.85
2023-08-22,Chicago,1007,248,178,70,500,30,4120.25
2023-08-22,Dallas,631,123,88,25,387,21,3067.92
2023-08-22,Houston,597,112,76,18,384,13,1607.21
2023-08-22,Los_Angeles,1660,492,348,174,632,57,7650.79
2023-08-22,New_York,2093,649,480,255,694,56,7735.88
2023-08-22,Philadelphia,805,207,129,28,429,24,3206.28
2023-08-22,Phoenix,544,91,59,8,379,6,723.68
2023-08-23,Atlanta,528,86,63,13,360,13,1819.96
2023-08-23,Chicago,912,213,158,60,475,17,2309.2
2023-08-23,Dallas,598,110,78,16,387,15,2038.6699999999998
2023-08-23,Houston,664,120,93,24,425,19,2661.46
2023-08-23,Los_Angeles,1603,465,348,168,618,41,5758.849999999999
2023-08-23,New_York,2087,650,478,256,700,48,6680.48
2023-08-23,Philadelphia,745,142,115,41,443,21,3045.27
2023-08-23,Phoenix,538,94,55,10,373,10,1381.32
2023-08-24,Atlanta,566,108,74,21,363,13,1695.03
2023-08-24,Chicago,948,220,165,64,498,25,3364.5299999999997
2023-08-24,Dallas,613,113,83,22,393,17,2379.9
2023-08-24,Houston,655,116,95,28,414,14,1866.82
2023-08-24,Los_Angeles,1653,464,362,185,638,47,6425.49
2023-08-24,New_York,2151,655,493,270,733,45,6458.89
2023-08-24,Philadelphia,791,175,121,43,447,17,2251.33
2023-08-24,Phoenix,561,87,73,14,387,12,1455.16
2023-08-25,Atlanta,589,106,74,19,390,10,1182.92
2023-08-25,Chicago,1040,252,189,71,519,23,3184.23
2023-08-25,Dallas,623,110,88,23,399,8,999.75
2023-08-25,Houston,686,134,100,29,421,15,1915.86
2023-08-25,Los_Angeles,1787,527,402,200,651,38,5373.53
2023-08-25,New_York,2408,792,574,288,743,68,8981.59
2023-08-25,Philadelphia,864,197,139,58,463,20,2612.96
2023-08-25,Phoenix,578,110,73,15,376,9,1206.46
2023-08-26,Atlanta,495,88,46,8,341,13,1797.42
2023-08-26,Chicago,893,217,146,47,463,21,2794.2
2023-08-26,Dallas,543,96,57,11,372,13,1914.91
2023-08-26,Houston,679,173,100,13,372,19,2478.18
2023-08-26,Los_Angeles,1434,424,292,126,570,41,5821.7
2023-08-26,New_York,1878,600,419,200,642,52,7184.08
2023-08-26,Philadelphia,717,161,105,21,416,18,2516.84
2023-08-26,Phoenix,497,73,52,7,354,10,1291.62
2023-08-27,Atlanta,503,77,47,6,371,14,1916.87
2023-08-27,Chicago,709,147,103,36,423,16,2260.08
2023-08-27,Dallas,483,68,49,9,353,13,1832.58
2023-08-27,Houston,615,174,93,7,332,18,2617.73
2023-08-27,Los_Angeles,1276,337,257,109,567,30,4176.48
2023-08-27,New_York,1907,630,429,189,652,60,7548.95
2023-08-27,Philadelphia,627,106,92,29,400,19,2646.89
2023-08-27,Phoenix,439,61,39,5,332,11,1422.1
2023-08-28,Atlanta,559,91,77,15,373,14,1831.58
2023-08-28,Chicago,944,213,170,61,496,28,3832.28
2023-08-28,Dallas,640,115,90,20,411,11,1331.85
2023-08-28,Houston,653,121,88,29,411,10,1367.44
2023-08-28,Los_Angeles,1671,499,357,165,641,41,5762.59
2023-08-28,New_York,2023,620,466,252,679,41,5475.83
2023-08-28,Philadelphia,733,147,111,31,440,19,2638.44
2023-08-28,Phoenix,534,84,65,12,368,14,1925.1100000000001
2023-08-29,Atlanta,572,94,66,9,391,13,1767.73
2023-08-29,Chicago,966,216,174,67,501,33,4322.31
2023-08-29,Dallas,632,116,92,23,398,15,2031.73
2023-08-29,Houston,692,146,99,27,410,7,1044.82
2023-08-29,Los_Angeles,1628,478,351,157,626,34,4634.63
2023-08-29,New_York,2154,680,501,256,695,52,7294.29
2023-08-29,Philadelphia,831,173,147,49,453,13,1770.71
2023-08-29,Phoenix,511,75,56,10,367,17,2246.57
2023-08-30,Atlanta,565,91,67,16,385,22,2933.71
2023-08-30,Chicago,945,225,165,68,476,21,3152.55
2023-08-30,Dallas,589,102,74,21,388,23,2937.59
2023-08-30,Houston,676,122,97,34,414,25,3026.78
2023-08-30,Los_Angeles,1691,484,373,182,644,42,5624.47
2023-08-30,New_York,2116,661,486,250,707,42,5751.48
2023-08-30,Philadelphia,719,141,107,40,428,20,2679.38
2023-08-30,Phoenix,542,93,62,12,368,14,1918.6
2023-08-31,Atlanta,564,90,66,22,381,20,2854.66
2023-08-31,Chicago,1013,257,185,60,501,36,5043.47
2023-08-31,Dallas,616,125,83,18,382,15,2047.81
2023-08-31,Houston,689,140,101,30,414,14,1986.61
2023-08-31,Los_Angeles,1651,487,362,168,622,31,4244.87
2023-08-31,New_York,2211,690,513,281,723,52,7479.97
2023-08-31,Philadelphia,842,198,138,47,453,19,2726.09
2023-08-31,Phoenix,532,82,64,15,367,15,2092.83
2023-09-01,Atlanta,729,151,115,32,425,16,2106.32
2023-09-01,Chicago,1412,445,291,111,551,46,6299.79
2023-09-01,Dallas,805,198,129,40,425,23,3138.33
2023-09-01,Houston,808,174,133,45,446,13,1788.44
2023-09-01,Los_Angeles,2005,621,449,236,683,43,5882.15
2023-09-01,New_York,2698,895,652,352,779,64,9101.86
2023-09-01,Philadelphia,991,242,173,68,496,22,2897.11
2023-09-01,Phoenix,653,119,99,23,407,18,2445.6800000000003
2023-09-02,Atlanta,552,98,62,11,374,7,954.5
2023-09-02,Chicago,912,209,159,58,483,21,2787.31
2023-09-02,Dallas,599,105,79,17,394,18,2525.92
2023-09-02,Houston,660,147,93,22,386,20,2685.65
2023-09-02,Los_Angeles,1523,425,317,159,615,32,4352.73
2023-09-02,New_York,2078,642,479,240,704,45,6156.49
2023-09-02,Philadelphia,755,160,121,29,439,16,2141.92
2023-09-02,Phoenix,530,82,56,15,372,8,1000.0
2023-09-03,Atlanta,681,177,104,15,373,23,2992.02
2023-09-03,Chicago,893,205,154,59,464,31,4167.8
2023-09-03,Dallas,561,89,63,19,380,16,2091.94
2023-09-03,Houston,541,101,66,17,351,11,1515.39
2023-09-03,Los_Angeles,1487,420,312,142,599,34,4640.45
2023-09-03,New_York,2025,638,466,225,679,53,7283.6
2023-09-03,Philadelphia,674,134,96,22,412,13,1847.1
2023-09-03,Phoenix,485,75,49,13,341,10,1276.98
2023-09-04,Atlanta,537,93,62,12,359,13,1859.22
2023-09-04,Chicago,810,183,128,50,440,17,2170.71
2023-09-04,Dallas,591,121,69,13,376,18,2410.05
2023-09-04,Houston,634,143,94,14,375,16,2219.05
2023-09-04,Los_Angeles,1358,373,280,133,564,39,5386.6
2023-09-04,New_York,1841,551,405,203,671,40,5324.48
2023-09-04,Philadelphia,651,123,92,23,404,19,2439.7400000000002
2023-09-04,Phoenix,507,100,64,7,327,13,1956.84
2023-09-05,Atlanta,649,122,91,24,409,8,1077.86
2023-09-05,Chicago,1083,282,195,76,518,30,4047.28
2023-09-05,Dallas,733,158,110,33,419,14,1787.5500000000002
2023-09-05,Houston,734,160,117,41,410,14,1886.81
2023-09-05,Los_Angeles,1862,553,424,220,659,38,4812.83
2023-09-05,New_York,2455,799,574,307,754,61,8424.33
2023-09-05,Philadelphia,915,210,156,57,483,10,1410.36
2023-09-05,Phoenix,563,92,71,12,385,11,1352.92
2023-09-06,Atlanta,653,120,90,23,408,16,2273.17
2023-09-06,Chicago,1063,277,196,80,502,23,3138.9900000000002
2023-09-06,Dallas,703,141,90,31,430,19,2636.45
2023-09-06,Houston,886,246,148,34,443,21,3002.23
2023-09-06,Los_Angeles,1807,540,396,198,656,46,6095.66
2023-09-06,New_York,2343,752,553,283,737,53,7729.91
2023-09-06,Philadelphia,932,216,168,62,473,25,3472.89
2023-09-06,Phoenix,568,88,75,14,384,13,1893.23
2023-09-07,Atlanta,654,134,92,26,400,14,1621.45
2023-09-07,Chicago,1096,288,204,65,517,20,2781.09
2023-09-07,Dallas,686,147,99,21,406,18,2523.98
2023-09-07,Houston,829,217,145,33,421,20,2633.89
2023-09-07,Los_Angeles,2063,677,470,216,673,58,7897.93
2023-09-07,New_York,2446,774,577,319,764,58,7986.98
2023-09-07,Philadelphia,917,219,154,56,470,20,2446.2
2023-09-07,Phoenix,897,324,160,18,383,25,3348.78
2023-09-08,Atlanta,722,140,109,32,434,16,2173.99
2023-09-08,Chicago,1215,317,241,103,540,33,4304.56
2023-09-08,Dallas,746,157,128,36,417,19,2662.01
2023-09-08,Houston,754,161,105,34,440,25,3354.38
2023-09-08,Los_Angeles,1871,558,416,216,675,44,6400.93
2023-09-08,New_York,2703,866,655,359,804,69,8963.65
2023-09-08,Philadelphia,889,193,154,64,474,21,2819.35
2023-09-08,Phoenix,637,123,85,22,396,16,2171.85
2023-09-09,Atlanta,573,91,73,22,386,20,2768.81
2023-09-09,Chicago,917,206,157,58,492,16,2188.9
2023-09-09,Dallas,564,100,70,18,371,11,1280.64
2023-09-09,Houston,599,110,85,22,382,11,1491.74
2023-09-09,Los_Angeles,1483,410,318,148,602,28,3696.0
2023-09-09,New_York,2055,631,472,254,694,48,6451.42
2023-09-09,Philadelphia,762,148,119,41,450,11,1389.31
2023-09-09,Phoenix,521,84,64,12,357,16,2310.19
2023-09-10,Atlanta,516,73,57,7,374,20,2641.41
2023-09-10,Chicago,823,172,139,46,462,23,3029.25
2023-09-10,Dallas,557,99,64,18,366,13,1711.07
2023-09-10,Houston,550,75,64,12,394,15,2187.1800000000003
2023-09-10,Los_Angeles,1478,428,309,138,592,40,5427.35
2023-09-10,New_York,1980,625,438,212,687,57,7681.91
2023-09-10,Philadelphia,707,146,103,28,422,10,1368.49
2023-09-10,Phoenix,475,67,37,8,355,15,2172.21
2023-09-11,Atlanta,626,121,88,24,388,13,1615.41
2023-09-11,Chicago,1179,348,221,72,515,26,3624.33
2023-09-11,Dallas,652,134,89,23,395,16,2259.08
2023-09-11,Houston,690,146,92,30,411,18,2452.34
2023-09-11,Los_Angeles,1871,566,419,208,666,46,5950.9800000000005
2023-09-11,New_York,2420,793,563,298,751,65,8800.47
2023-09-11,Philadelphia,921,227,156,61,466,31,4290.54
2023-09-11,Phoenix,625,128,85,26,379,17,2370.69
2023-09-12,Atlanta,626,121,80,29,381,16,2295.62
2023-09-12,Chicago,1118,279,211,93,519,26,3753.0
2023-09-12,Dallas,684,159,97,19,399,25,3416.7200000000003
2023-09-12,Houston,810,218,135,35,409,27,3820.82
2023-09-12,Los_Angeles,1839,562,409,195,662,52,7003.37
2023-09-12,New_York,2434,784,579,303,746,75,9977.28
2023-09-12,Philadelphia,855,200,141,59,443,15,2051.35
2023-09-12,Phoenix,620,117,80,23,388,14,1974.98
2023-09-13,Atlanta,705,159,109,23,404,15,2059.87
2023-09-13,Chicago,1095,275,195,76,533,31,4374.68
2023-09-13,Dallas,631,125,83,19,392,19,2642.51
2023-09-13,Houston,791,177,121,48,425,21,2777.94
2023-09-13,Los_Angeles,2012,630,455,229,677,44,6026.6
2023-09-13,New_York,2415,795,568,294,729,53,6815.26
2023-09-13,Philadelphia,858,199,140,57,450,24,3400.49
2023-09-13,Phoenix,549,95,63,14,364,16,2303.07
2023-09-14,Atlanta,664,133,90,24,407,11,1491.19
2023-09-14,Chicago,1080,263,198,83,528,24,3090.62
2023-09-14,Dallas,654,130,91,27,397,16,2064.16
2023-09-14,Houston,775,170,119,36,440,12,1592.79
2023-09-14,Los_Angeles,1886,574,421,218,663,44,6019.95
2023-09-14,New_York,2569,854,604,329,769,65,8389.52
2023-09-14,Philadelphia,863,195,152,55,459,16,2051.83
2023-09-14,Phoenix,568,103,72,19,369,10,1343.79
2023-09-15,Atlanta,701,142,104,22,421,17,2057.49
2023-09-15,Chicago,1177,309,230,90,534,33,4433.34
2023-09-15,Dallas,767,165,122,37,435,14,2037.37
2023-09-15,Houston,761,149,119,32,451,17,2120.2
2023-09-15,Los_Angeles,2047,633,470,234,696,59,8347.98
2023-09-15,New_York,2750,931,664,350,783,75,9978.2
2023-09-15,Philadelphia,934,216,155,57,495,24,3201.14
2023-09-15,Phoenix,639,127,85,28,388,16,2085.46
2023-09-16,Atlanta,568,112,69,12,357,9,1280.73
2023-09-16,Chicago,891,210,148,47,473,12,1571.5
2023-09-16,Dallas,576,104,68,14,379,17,2324.55
2023-09-16,Houston,632,126,80,23,390,12,1666.61
2023-09-16,Los_Angeles,1577,460,332,148,625,30,4029.19
2023-09-16,New_York,2120,688,481,241,682,49,6753.04
2023-09-16,Philadelphia,784,172,121,31,444,26,3454.2200000000003
2023-09-16,Phoenix,526,85,56,6,366,10,1280.09
2023-09-17,Atlanta,511,79,50,8,371,12,1451.99
2023-09-17,Chicago,834,170,132,55,477,18,2480.35
2023-09-17,Dallas,578,102,70,12,389,8,1025.63
2023-09-17,Houston,718,187,108,15,397,17,2219.55
2023-09-17,Los_Angeles,1686,556,369,148,603,44,6158.03
2023-09-17,New_York,1853,556,408,206,677,48,6923.43
2023-09-17,Philadelphia,679,134,96,24,424,17,2109.8
2023-09-17,Phoenix,540,120,64,12,339,13,1773.9
2023-09-18,Atlanta,675,127,97,25,421,20,2691.69
2023-09-18,Chicago,1009,240,191,79,497,24,3230.79
2023-09-18,Dallas,719,158,115,36,403,11,1625.8
2023-09-18,Houston,712,144,106,34,419,24,3144.44
2023-09-18,Los_Angeles,1773,538,399,188,640,52,6655.99
2023-09-18,New_York,2384,758,562,307,745,48,6630.16
2023-09-18,Philadelphia,889,205,142,49,490,25,3280.88
2023-09-18,Phoenix,568,101,72,15,375,15,1971.2
2023-09-19,Atlanta,608,106,78,23,400,20,2519.27
2023-09-19,Chicago,1065,272,191,81,511,23,2944.86
2023-09-19,Dallas,699,156,100,26,409,22,3033.68
2023-09-19,Houston,753,155,111,40,444,14,1701.16
2023-09-19,Los_Angeles,1714,499,371,186,655,39,5400.13
2023-09-19,New_York,2409,754,564,319,765,60,8067.24
2023-09-19,Philadelphia,882,203,146,58,471,20,2764.56
2023-09-19,Phoenix,722,200,121,18,379,23,3004.68
2023-09-20,Atlanta,620,105,82,21,408,12,1783.85
2023-09-20,Chicago,1048,257,186,82,520,17,2213.67
2023-09-20,Dallas,662,122,90,30,414,11,1491.53
2023-09-20,Houston,748,162,116,34,429,18,2520.93
2023-09-20,Los_Angeles,1838,557,400,210,661,42,5840.36
2023-09-20,New_York,2432,779,576,310,752,62,8722.2
2023-09-20,Philadelphia,1102,344,205,61,476,33,4262.15
2023-09-20,Phoenix,610,116,80,20,388,15,1967.97
2023-09-21,Atlanta,679,134,95,26,415,25,3167.14
2023-09-21,Chicago,1171,320,227,88,521,29,3684.96
2023-09-21,Dallas,741,145,106,32,447,18,2637.76
2023-09-21,Houston,779,175,118,36,436,15,2083.06
2023-09-21,Los_Angeles,2043,677,465,215,670,50,6673.64
2023-09-21,New_York,2397,750,567,310,755,56,7765.55
2023-09-21,Philadelphia,897,204,155,53,473,23,3173.69
2023-09-21,Phoenix,596,104,74,15,392,17,2475.22
2023-09-22,Atlanta,719,148,108,35,426,22,2906.17
2023-09-22,Chicago,1204,311,238,97,554,37,4923.4
2023-09-22,Dallas,714,148,109,32,418,11,1443.09
2023-09-22,Houston,736,162,112,36,423,14,1871.5700000000002
2023-09-22,Los_Angeles,2017,612,458,241,698,53,6998.44
2023-09-22,New_York,2626,835,624,352,806,59,7910.74
2023-09-22,Philadelphia,937,209,162,61,498,22,3030.54
2023-09-22,Phoenix,627,123,84,20,396,17,2176.78
2023-09-23,Atlanta,537,92,64,13,355,8,1046.71
2023-09-23,Chicago,1032,270,184,72,490,21,2895.51
2023-09-23,Dallas,598,119,77,18,372,13,1787.55
2023-09-23,Houston,637,125,89,23,382,18,2549.8
2023-09-23,Los_Angeles,1627,470,348,164,622,34,4191.77
2023-09-23,New_York,2064,653,469,233,694,61,8091.55
2023-09-23,Philadelphia,766,155,123,32,446,23,2968.16
2023-09-23,Phoenix,581,103,66,14,388,18,2493.42
2023-09-24,Atlanta,500,82,64,12,340,11,1521.2
2023-09-24,Chicago,892,190,151,62,483,24,3108.37
2023-09-24,Dallas,643,158,93,12,371,26,3522.12
2023-09-24,Houston,550,91,64,17,375,11,1545.34
2023-09-24,Los_Angeles,1471,413,303,148,601,36,4556.13
2023-09-24,New_York,1998,604,454,234,698,40,5077.82
2023-09-24,Philadelphia,693,146,96,25,419,17,2356.9500000000003
2023-09-24,Phoenix,489,73,49,5,360,11,1573.93
2023-09-25,Atlanta,580,103,79,18,376,14,1761.21
2023-09-25,Chicago,1145,299,219,84,528,35,5019.12
2023-09-25,Dallas,669,128,99,29,408,8,1074.72
2023-09-25,Houston,710,133,107,31,431,20,2762.81
2023-09-25,Los_Angeles,1879,571,425,201,667,54,7282.67
2023-09-25,New_York,2431,770,567,312,766,66,8451.83
2023-09-25,Philadelphia,841,185,137,49,467,20,2896.09
2023-09-25,Phoenix,728,201,122,17,381,17,2384.67
2023-09-26,Atlanta,625,122,82,24,384,22,3028.71
2023-09-26,Chicago,1091,267,208,83,517,21,2618.9
2023-09-26,Dallas,709,152,104,27,413,18,2427.65
2023-09-26,Houston,758,156,118,28,436,19,2312.41
2023-09-26,Los_Angeles,1950,596,439,216,682,57,7838.73
2023-09-26,New_York,2479,819,590,293,758,64,8685.6
2023-09-26,Philadelphia,917,214,151,60,477,28,3786.56
2023-09-26,Phoenix,623,120,79,20,397,20,2828.8
2023-09-27,Atlanta,625,116,91,26,389,21,2937.73
2023-09-27,Chicago,1055,260,191,88,513,17,2308.3
2023-09-27,Dallas,816,218,136,32,421,24,2957.29
2023-09-27,Houston,687,132,100,40,413,28,3802.98
2023-09-27,Los_Angeles,1816,541,405,206,660,40,5465.05
2023-09-27,New_York,2311,717,552,299,735,42,5438.76
2023-09-27,Philadelphia,925,239,159,51,470,24,3122.01
2023-09-27,Phoenix,603,109,82,22,385,17,2240.71
2023-09-28,Atlanta,664,128,97,25,409,8,960.46
2023-09-28,Chicago,1113,311,209,69,516,25,3551.55
2023-09-28,Dallas,727,142,103,31,449,17,2272.75
2023-09-28,Houston,801,164,129,50,449,18,2329.6
2023-09-28,Los_Angeles,1925,579,423,224,685,47,6424.94
2023-09-28,New_York,2541,810,605,333,776,54,7137.96
2023-09-28,Philadelphia,902,201,147,59,490,22,2872.65
2023-09-28,Phoenix,623,110,87,23,396,19,2679.96
2023-09-29,Atlanta,764,156,117,32,447,20,2513.55
2023-09-29,Chicago,1207,322,224,92,545,31,4027.16
2023-09-29,Dallas,761,158,112,34,443,17,2380.52
2023-09-29,Houston,837,187,137,45,458,12,1710.26
2023-09-29,Los_Angeles,2196,717,497,256,700,52,7154.12
2023-09-29,New_York,2712,904,645,342,783,77,10168.46
2023-09-29,Philadelphia,1029,263,175,69,503,24,3237.25
2023-09-29,Phoenix,658,128,93,27,404,18,2366.39
2023-09-30,Atlanta,564,92,63,12,388,9,1142.38
2023-09-30,Chicago,878,193,132,46,496,28,3742.82
2023-09-30,Dallas,600,112,80,21,377,15,1846.44
2023-09-30,Houston,622,114,78,25,398,12,1675.16
2023-09-30,Los_Angeles,1583,465,340,159,607,43,5699.03
2023-09-30,New_York,2194,731,514,243,689,60,8215.16
2023-09-30,Philadelphia,770,166,116,38,441,15,2013.22
2023-09-30,Phoenix,508,86,59,10,346,14,2009.22
2023-10-01,Atlanta,614,108,83,16,403,15,1983.25
2023-10-01,Chicago,1017,254,185,62,502,24,3235.7
2023-10-01,Dallas,663,138,88,28,397,16,2242.09
2023-10-01,Houston,704,141,110,29,416,13,1641.66
2023-10-01,Los_Angeles,1738,523,372,176,656,52,6912.97
2023-10-01,New_York,2302,750,534,275,720,52,7235.0199999999995
2023-10-01,Philadelphia,906,239,151,39,456,21,2780.74
2023-10-01,Phoenix,571,108,67,14,373,19,2496.09
2023-10-02,Atlanta,695,134,99,32,420,16,1920.6299999999999
2023-10-02,Chicago,1371,382,264,125,578,31,4347.79
2023-10-02,Dallas,767,167,115,41,432,26,3299.06
2023-10-02,Houston,844,185,132,40,477,16,2200.62
2023-10-02,Los_Angeles,2102,648,487,255,694,52,6805.3
2023-10-02,New_York,2919,989,700,390,811,67,8897.02
2023-10-02,Philadelphia,1042,264,186,71,508,42,5939.7
2023-10-02,Phoenix,621,120,71,19,394,18,2251.04
2023-10-03,Atlanta,726,144,110,32,430,24,3332.34
2023-10-03,Chicago,1264,333,248,109,566,30,4062.52
2023-10-03,Dallas,785,175,125,41,434,16,2073.43
2023-10-03,Houston,856,194,141,47,457,20,2704.48
2023-10-03,Los_Angeles,2166,681,494,248,724,38,5258.01
2023-10-03,New_York,2804,927,683,381,802,54,7424.16
2023-10-03,Philadelphia,980,234,181,61,496,22,3140.5299999999997
2023-10-03,Phoenix,834,256,148,28,389,22,2975.16
2023-10-04,Atlanta,799,180,123,39,443,17,2175.59
2023-10-04,Chicago,1193,312,237,105,530,24,3161.2799999999997
2023-10-04,Dallas,875,215,154,49,450,18,2183.9900000000002
2023-10-04,Houston,881,219,147,41,461,31,4337.66
2023-10-04,Los_Angeles,2245,734,527,257,707,45,5795.16
2023-10-04,New_York,3158,1128,783,395,824,80,10566.18
2023-10-04,Philadelphia,1037,266,187,64,507,28,3680.5299999999997
2023-10-04,Phoenix,713,146,100,31,424,18,2413.89
2023-10-05,Atlanta,737,147,107,33,440,21,2982.23
2023-10-05,Chicago,1345,368,270,110,578,31,4134.35
2023-10-05,Dallas,1106,368,215,49,454,22,3012.9
2023-10-05,Houston,852,195,143,49,452,18,2435.94
2023-10-05,Los_Angeles,2371,759,557,291,733,69,9562.24
2023-10-05,New_York,3005,987,729,417,848,71,10009.65
2023-10-05,Philadelphia,1187,353,227,72,515,30,4253.89
2023-10-05,Phoenix,714,151,107,21,426,20,2846.52
2023-10-06,Atlanta,844,185,138,50,459,25,3496.74
2023-10-06,Chicago,1502,462,311,131,579,39,5458.65
2023-10-06,Dallas,893,205,151,57,471,18,2368.61
2023-10-06,Houston,968,237,165,61,494,26,3562.75
2023-10-06,Los_Angeles,2305,725,533,298,739,54,7391.2300000000005
2023-10-06,New_York,3119,1028,771,439,861,82,10909.76
2023-10-06,Philadelphia,1097,267,207,84,532,28,3838.7599999999998
2023-10-06,Phoenix,720,140,109,28,438,17,2337.84
2023-10-07,Atlanta,651,125,88,26,397,16,1951.6
2023-10-07,Chicago,1126,297,211,86,519,30,4086.51
2023-10-07,Dallas,671,132,82,22,422,14,1896.84
2023-10-07,Houston,788,179,125,34,435,20,2549.0499999999997
2023-10-07,Los_Angeles,1889,578,421,205,667,45,6302.35
2023-10-07,New_York,2404,767,563,299,746,78,10838.94
2023-10-07,Philadelphia,885,206,146,60,461,27,3993.22
2023-10-07,Phoenix,721,171,107,23,406,19,2621.31
2023-10-08,Atlanta,596,112,74,16,382,12,1663.68
2023-10-08,Chicago,958,236,169,57,491,17,2339.73
2023-10-08,Dallas,701,156,105,22,410,19,2485.99
2023-10-08,Houston,682,138,96,26,418,15,2008.55
2023-10-08,Los_Angeles,1740,506,388,186,648,49,6684.82
2023-10-08,New_York,2206,700,515,256,721,51,7129.26
2023-10-08,Philadelphia,779,164,121,41,446,19,2529.44
2023-10-08,Phoenix,564,101,73,19,367,15,2019.48
2023-10-09,Atlanta,545,91,60,16,374,16,2117.4900000000002
2023-10-09,Chicago,992,265,181,63,478,33,4162.29
2023-10-09,Dallas,596,104,79,21,387,12,1792.5
2023-10-09,Houston,675,147,94,22,408,15,2012.06
2023-10-09,Los_Angeles,1592,457,338,171,625,42,5872.79
2023-10-09,New_York,2042,612,469,255,703,40,5552.4800000000005
2023-10-09,Philadelphia,756,153,111,46,442,15,2013.74
2023-10-09,Phoenix,477,68,45,8,356,10,1411.33
2023-10-10,Atlanta,745,146,108,39,445,19,2402.83
2023-10-10,Chicago,1255,352,249,96,547,32,4604.53
2023-10-10,Dallas,791,166,123,39,455,23,3103.48
2023-10-10,Houston,824,173,137,45,461,18,2288.67
2023-10-10,Los_Angeles,2086,641,476,260,702,54,6932.52
2023-10-10,New_York,2814,919,682,389,805,72,9692.87
2023-10-10,Philadelphia,1035,247,186,83,506,24,3079.95
2023-10-10,Phoenix,720,148,113,32,420,10,1303.01
2023-10-11,Atlanta,800,203,133,32,422,27,3570.69
2023-10-11,Chicago,1227,326,239,102,545,38,5113.2
2023-10-11,Dallas,764,165,116,40,436,27,3437.29
2023-10-11,Houston,847,188,146,50,453,19,2848.76
2023-10-11,Los_Angeles,2165,671,506,266,712,50,6623.11
2023-10-11,New_York,2805,910,674,386,814,59,8264.51
2023-10-11,Philadelphia,1041,271,181,77,496,20,2728.0
2023-10-11,Phoenix,695,133,104,22,422,12,1609.9
2023-10-12,Atlanta,684,135,98,35,413,22,2856.91
2023-10-12,Chicago,1279,346,252,112,557,46,6209.4
2023-10-12,Dallas,774,160,127,39,442,19,2539.79
2023-10-12,Houston,879,199,144,57,472,30,4214.82
2023-10-12,Los_Angeles,2297,726,534,293,728,53,7109.69
2023-10-12,New_York,2870,939,701,392,828,59,7955.71
2023-10-12,Philadelphia,1055,259,203,81,506,22,2896.31
2023-10-12,Phoenix,726,141,97,36,446,22,2756.1
2023-10-13,Atlanta,827,181,128,46,459,21,2950.47
2023-10-13,Chicago,1403,403,291,116,580,22,2849.66
2023-10-13,Dallas,840,188,127,55,459,20,2810.77
2023-10-13,Houston,969,228,161,64,510,27,3577.5299999999997
2023-10-13,Los_Angeles,2331,730,551,295,745,66,9405.59
2023-10-13,New_York,3236,1103,810,447,858,81,11645.18
2023-10-13,Philadelphia,1121,294,207,89,523,29,4143.69
2023-10-13,Phoenix,756,149,112,36,450,21,2739.51
2023-10-14,Atlanta,612,112,82,26,385,16,2314.56
2023-10-14,Chicago,1089,272,210,78,521,31,4133.59
2023-10-14,Dallas,662,130,91,22,413,17,2172.64
2023-10-14,Houston,708,142,106,27,424,23,3281.38
2023-10-14,Los_Angeles,1845,573,410,196,657,42,6102.47
2023-10-14,New_York,2561,891,618,291,749,76,10495.95
2023-10-14,Philadelphia,848,185,145,51,460,21,2813.11
2023-10-14,Phoenix,688,172,108,18,377,17,2272.2
2023-10-15,Atlanta,625,124,79,21,389,10,1245.91
2023-10-15,Chicago,1006,256,179,67,492,25,3365.67
2023-10-15,Dallas,629,108,83,24,413,13,1910.29
2023-10-15,Houston,602,103,80,18,397,21,2752.23
2023-10-15,Los_Angeles,1728,521,378,191,635,43,5726.64
2023-10-15,New_York,2227,698,517,280,723,49,6748.83
2023-10-15,Philadelphia,854,191,144,50,459,23,2831.09
2023-10-15,Phoenix,548,94,66,14,367,12,1641.44
2023-10-16,Atlanta,761,162,110,49,429,19,2581.42
2023-10-16,Chicago,1207,325,229,98,535,31,4182.36
2023-10-16,Dallas,850,185,138,50,466,22,2983.58
2023-10-16,Houston,893,205,154,49,471,21,2982.92
2023-10-16,Los_Angeles,2283,711,533,281,741,61,8495.15
2023-10-16,New_York,2942,982,711,390,829,76,9860.17
2023-10-16,Philadelphia,1090,272,201,67,531,20,2599.71
2023-10-16,Phoenix,697,150,97,22,416,12,1580.66
2023-10-17,Atlanta,715,140,100,32,424,23,3213.9700000000003
2023-10-17,Chicago,1308,364,251,107,556,47,6278.96
2023-10-17,Dallas,820,185,124,39,453,26,3729.93
2023-10-17,Houston,834,189,130,42,450,22,2939.01
2023-10-17,Los_Angeles,2176,690,490,251,709,50,6901.6900000000005
2023-10-17,New_York,2807,901,687,386,819,61,8043.88
2023-10-17,Philadelphia,1007,241,179,70,503,20,2680.7
2023-10-17,Phoenix,725,160,106,32,406,15,1778.56
2023-10-18,Atlanta,820,213,125,39,431,22,2953.02
2023-10-18,Chicago,1243,325,244,111,555,26,3197.35
2023-10-18,Dallas,768,167,127,35,431,20,2771.2200000000003
2023-10-18,Houston,831,182,133,46,461,22,2965.7799999999997
2023-10-18,Los_Angeles,2106,649,481,263,701,50,6758.06
2023-10-18,New_York,2869,927,701,407,826,67,9008.88
2023-10-18,Philadelphia,1010,246,171,71,510,23,2874.55
2023-10-18,Phoenix,777,223,136,20,392,19,2436.26
2023-10-19,Atlanta,741,161,110,36,430,23,3300.91
2023-10-19,Chicago,1303,341,263,120,573,33,4385.04
2023-10-19,Dallas,817,176,133,49,456,18,2366.01
2023-10-19,Houston,933,236,158,50,478,32,4313.9
2023-10-19,Los_Angeles,2306,720,542,290,745,50,6856.13
2023-10-19,New_York,3086,1061,764,421,825,86,11795.39
2023-10-19,Philadelphia,1038,252,190,74,519,24,3347.1
2023-10-19,Phoenix,721,146,101,35,436,18,2551.08
2023-10-20,Atlanta,823,185,129,46,456,19,2848.84
2023-10-20,Chicago,1314,347,256,112,588,31,4089.44
2023-10-20,Dallas,804,179,130,47,439,19,2471.81
2023-10-20,Houston,971,232,168,66,493,27,3495.9300000000003
2023-10-20,Los_Angeles,2394,758,565,306,744,64,8506.43
2023-10-20,New_York,3017,1005,739,414,843,90,12226.93
2023-10-20,Philadelphia,1114,283,211,83,529,30,4013.6
2023-10-20,Phoenix,898,256,155,35,441,35,4923.49
2023-10-21,Atlanta,658,137,88,14,409,20,2940.45
2023-10-21,Chicago,1291,421,261,77,509,44,5897.11
2023-10-21,Dallas,684,134,90,25,426,18,2313.57
2023-10-21,Houston,767,164,118,34,433,19,2539.19
2023-10-21,Los_Angeles,1921,602,426,214,666,43,5642.31
2023-10-21,New_York,2470,811,584,292,762,51,6837.44
2023-10-21,Philadelphia,885,209,155,48,457,20,2600.41
2023-10-21,Phoenix,570,99,56,11,386,9,1305.6
2023-10-22,Atlanta,623,131,75,17,381,20,2816.63
2023-10-22,Chicago,1073,283,195,77,496,29,4095.11
2023-10-22,Dallas,681,143,90,22,409,11,1627.98
2023-10-22,Houston,751,168,110,37,424,17,2236.65
2023-10-22,Los_Angeles,2018,700,457,185,643,59,7946.5599999999995
2023-10-22,New_York,2453,845,568,277,738,73,9336.29
2023-10-22,Philadelphia,883,221,157,49,437,27,3505.33
2023-10-22,Phoenix,587,100,68,14,388,13,1880.07
2023-10-23,Atlanta,743,150,113,40,434,13,1754.2
2023-10-23,Chicago,1267,349,248,104,556,22,2812.45
2023-10-23,Dallas,785,166,125,42,445,21,2772.89
2023-10-23,Houston,803,172,125,48,450,30,4169.98
2023-10-23,Los_Angeles,2074,631,474,248,708,51,6941.89
2023-10-23,New_York,2848,909,695,391,844,73,9550.43
2023-10-23,Philadelphia,994,232,177,78,503,20,2645.11
2023-10-23,Phoenix,662,130,89,25,414,15,2030.18
2023-10-24,Atlanta,712,145,108,33,419,15,2024.95
2023-10-24,Chicago,1366,408,279,106,563,40,5580.83
2023-10-24,Dallas,816,176,124,43,462,16,2170.67
2023-10-24,Houston,870,182,140,48,483,21,3058.17
2023-10-24,Los_Angeles,2079,644,475,244,704,46,6322.84
2023-10-24,New_York,2888,971,696,378,818,68,8947.11
2023-10-24,Philadelphia,1014,243,182,70,511,21,2938.9
2023-10-24,Phoenix,622,103,89,21,405,19,2767.51
2023-10-25,Atlanta,796,190,128,38,432,17,2345.45
2023-10-25,Chicago,1213,314,232,101,562,22,3058.98
2023-10-25,Dallas,770,154,121,43,449,23,3031.5
2023-10-25,Houston,819,184,130,44,457,24,3367.24
2023-10-25,Los_Angeles,2049,624,467,249,703,45,5908.41
2023-10-25,New_York,2865,930,698,400,827,68,9119.37
2023-10-25,Philadelphia,951,222,169,70,487,25,3461.32
2023-10-25,Phoenix,678,126,98,33,420,17,2292.75
2023-10-26,Atlanta,747,155,115,33,437,17,2418.31
2023-10-26,Chicago,1258,329,238,107,569,28,3571.41
2023-10-26,Dallas,950,260,155,57,461,26,3296.52
2023-10-26,Houston,921,210,155,57,488,29,3975.05
2023-10-26,Los_Angeles,2198,691,507,275,718,57,7502.8
2023-10-26,New_York,2994,978,738,422,841,63,8324.98
2023-10-26,Philadelphia,1151,299,221,86,529,33,4245.57
2023-10-26,Phoenix,745,152,110,33,443,8,1045.14
2023-10-27,Atlanta,839,189,135,49,463,22,3059.79
2023-10-27,Chicago,1299,342,259,114,576,33,4222.06
2023-10-27,Dallas,822,179,131,45,463,26,3462.78
2023-10-27,Houston,899,202,159,59,471,21,2936.08
2023-10-27,Los_Angeles,2308,721,535,287,750,51,6819.23
2023-10-27,New_York,3031,1023,744,410,838,62,8619.1
2023-10-27,Philadelphia,1070,266,201,83,519,26,3631.22
2023-10-27,Phoenix,869,239,150,32,438,24,3170.01
2023-10-28,Atlanta,612,109,82,16,398,12,1614.29
2023-10-28,Chicago,1006,237,176,72,515,28,3874.99
2023-10-28,Dallas,738,160,103,31,430,20,2868.79
2023-10-28,Houston,753,180,115,25,415,18,2494.58
2023-10-28,Los_Angeles,1968,610,443,238,666,57,7551.75
2023-10-28,New_York,2508,826,593,306,770,60,8209.9
2023-10-28,Philadelphia,957,236,169,51,488,29,4091.38
2023-10-28,Phoenix,565,101,80,11,363,20,2504.54
2023-10-29,Atlanta,781,214,132,21,399,29,4084.31
2023-10-29,Chicago,989,230,172,63,520,25,3128.87
2023-10-29,Dallas,890,290,159,20,400,12,1876.89
2023-10-29,Houston,672,130,91,26,420,17,2198.1800000000003
2023-10-29,Los_Angeles,1774,538,387,182,649,43,5928.29
2023-10-29,New_York,2487,832,582,301,749,63,8535.39
2023-10-29,Philadelphia,807,174,128,42,453,15,2060.46
2023-10-29,Phoenix,558,92,66,13,376,12,1718.39
2023-10-30,Atlanta,702,145,100,30,410,19,2686.04
2023-10-30,Chicago,1297,354,252,111,563,43,5965.35
2023-10-30,Dallas,839,199,140,43,440,28,3841.06
2023-10-30,Houston,849,194,142,58,446,27,3584.43
2023-10-30,Los_Angeles,2159,692,496,256,691,42,5746.61
2023-10-30,New_York,3114,1107,766,390,815,73,10179.82
2023-10-30,Philadelphia,1046,273,189,72,495,28,3916.68
2023-10-30,Phoenix,732,147,118,29,428,14,1874.54
2023-10-31,Atlanta,702,139,108,32,415,19,2765.75
2023-10-31,Chicago,1383,431,287,100,549,38,5556.89
2023-10-31,Dallas,1059,355,204,43,441,44,5718.95
2023-10-31,Houston,867,214,147,44,454,28,3861.95
2023-10-31,Los_Angeles,2163,701,494,255,697,50,7058.98
2023-10-31,New_York,2911,967,706,401,821,72,10228.86
2023-10-31,Philadelphia,979,236,171,69,489,28,3927.63
2023-10-31,Phoenix,701,124,98,27,442,19,2491.29
2023-11-01,Atlanta,879,203,154,57,460,25,3449.14
2023-11-01,Chicago,1445,392,304,146,596,35,4750.11
2023-11-01,Dallas,967,246,169,54,489,23,3160.88
2023-11-01,Houston,1001,236,183,75,503,20,2805.16
2023-11-01,Los_Angeles,2510,807,585,329,779,56,7685.87
2023-11-01,New_York,3250,1069,801,472,892,86,11203.11
2023-11-01,Philadelphia,1269,344,243,111,564,29,3964.03
2023-11-01,Phoenix,851,191,142,54,460,17,2386.68
2023-11-02,Atlanta,885,200,145,52,481,30,4293.16
2023-11-02,Chicago,1535,435,326,157,603,36,4870.43
2023-11-02,Dallas,1018,252,180,71,498,23,3324.7799999999997
2023-11-02,Houston,1076,268,199,83,513,23,3143.9
2023-11-02,Los_Angeles,2796,915,668,381,809,63,8356.52
2023-11-02,New_York,3392,1111,858,509,906,82,10979.03
2023-11-02,Philadelphia,1333,347,272,127,576,36,4858.93
2023-11-02,Phoenix,829,179,131,49,457,17,2348.08
2023-11-03,Atlanta,914,197,152,62,500,21,2954.84
2023-11-03,Chicago,1591,443,348,167,629,48,6570.01
2023-11-03,Dallas,939,219,161,65,489,19,2554.49
2023-11-03,Houston,1115,280,202,91,536,25,3069.83
2023-11-03,Los_Angeles,2825,929,688,378,814,59,8650.82
2023-11-03,New_York,3666,1212,935,558,950,71,9449.7
2023-11-03,Philadelphia,1305,351,268,117,563,32,4275.83
2023-11-03,Phoenix,899,212,150,56,473,24,3116.27
2023-11-04,Atlanta,751,157,108,30,441,17,2464.71
2023-11-04,Chicago,1252,351,244,94,545,28,3996.06
2023-11-04,Dallas,839,192,129,53,452,22,3001.25
2023-11-04,Houston,759,151,122,37,445,18,2550.65
2023-11-04,Los_Angeles,2178,688,503,265,706,43,5822.47
2023-11-04,New_York,2850,921,688,398,829,81,11328.74
2023-11-04,Philadelphia,1037,252,183,65,523,30,3976.87
2023-11-04,Phoenix,697,142,103,28,415,16,2034.47
2023-11-05,Atlanta,713,166,106,24,404,19,2683.42
2023-11-05,Chicago,1205,319,226,108,540,32,4348.05
2023-11-05,Dallas,743,157,116,34,433,13,1706.25
2023-11-05,Houston,823,185,124,51,459,19,2383.76
2023-11-05,Los_Angeles,2166,693,498,246,711,39,5160.04
2023-11-05,New_York,2669,850,637,358,810,62,8330.16
2023-11-05,Philadelphia,1177,369,221,72,501,20,2796.67
2023-11-05,Phoenix,622,104,87,13,409,16,2180.07
2023-11-06,Atlanta,836,190,139,39,458,27,3532.01
2023-11-06,Chicago,1517,429,319,145,612,40,5874.68
2023-11-06,Dallas,1035,266,177,63,511,27,3711.8399999999997
2023-11-06,Houston,938,218,161,57,493,18,2239.04
2023-11-06,Los_Angeles,2500,802,594,324,766,48,6661.08
2023-11-06,New_York,3346,1104,838,490,892,90,12140.25
2023-11-06,Philadelphia,1243,330,242,108,552,29,3700.59
2023-11-06,Phoenix,819,176,135,45,456,23,3124.16
2023-11-07,Atlanta,912,211,157,67,470,14,1829.51
2023-11-07,Chicago,1388,375,278,128,598,38,4980.47
2023-11-07,Dallas,907,207,163,58,472,19,2298.6
2023-11-07,Houston,1040,249,185,81,520,25,3219.77
2023-11-07,Los_Angeles,2693,884,658,349,792,81,10462.38
2023-11-07,New_York,3451,1168,874,495,896,78,10582.36
2023-11-07,Philadelphia,1119,271,217,96,527,32,4218.96
2023-11-07,Phoenix,787,165,127,46,444,17,2176.87
2023-11-08,Atlanta,859,197,135,49,467,20,2657.7200000000003
2023-11-08,Chicago,1576,486,333,132,602,37,4895.61
2023-11-08,Dallas,956,223,162,62,495,24,3040.85
2023-11-08,Houston,1140,309,204,88,517,33,4284.65
2023-11-08,Los_Angeles,2542,819,601,333,779,62,8330.3
2023-11-08,New_York,3527,1207,883,505,911,75,10171.08
2023-11-08,Philadelphia,1134,295,217,85,521,31,4047.17
2023-11-08,Phoenix,799,168,124,41,460,13,1755.7
2023-11-09,Atlanta,931,223,153,58,487,25,3361.38
2023-11-09,Chicago,1495,412,316,139,621,39,5441.9
2023-11-09,Dallas,1051,259,194,74,513,19,2572.92
2023-11-09,Houston,1145,329,206,66,534,29,4004.83
2023-11-09,Los_Angeles,2844,988,691,357,788,63,8847.69
2023-11-09,New_York,3625,1227,908,527,945,89,11894.6
2023-11-09,Philadelphia,1321,375,264,112,552,41,5575.08
2023-11-09,Phoenix,806,176,120,48,456,17,2385.76
2023-11-10,Atlanta,937,218,160,61,487,22,2953.55
2023-11-10,Chicago,1636,471,346,172,629,39,5311.65
2023-11-10,Dallas,1029,245,191,73,506,22,2851.14
2023-11-10,Houston,1175,306,221,95,539,34,4448.52
2023-11-10,Los_Angeles,2851,932,683,397,818,82,10990.76
2023-11-10,New_York,3807,1321,962,562,940,98,13347.76
2023-11-10,Philadelphia,1472,441,301,118,593,17,2393.41
2023-11-10,Phoenix,903,205,146,58,484,25,3082.86
2023-11-11,Atlanta,710,143,102,34,427,18,2630.32
2023-11-11,Chicago,1303,371,257,106,555,38,5192.55
2023-11-11,Dallas,811,178,120,37,467,27,3571.68
2023-11-11,Houston,840,180,139,48,464,24,3062.11
2023-11-11,Los_Angeles,2322,764,546,276,726,57,7845.87
2023-11-11,New_York,2865,937,705,398,815,73,10245.51
2023-11-11,Philadelphia,1044,261,196,78,500,19,2586.71
2023-11-11,Phoenix,691,137,99,30,422,16,2240.26
2023-11-12,Atlanta,694,132,100,27,424,13,1959.8700000000001
2023-11-12,Chicago,1253,344,231,104,548,28,3559.76
2023-11-12,Dallas,1080,361,206,44,445,39,5280.37
2023-11-12,Houston,863,203,140,46,456,28,3750.88
2023-11-12,Los_Angeles,2170,696,498,250,699,45,5972.65
2023-11-12,New_York,2717,898,656,356,795,58,7700.67
2023-11-12,Philadelphia,976,230,171,66,498,22,2866.73
2023-11-12,Phoenix,679,143,91,25,404,19,2846.84
2023-11-13,Atlanta,871,204,140,53,456,21,2844.82
2023-11-13,Chicago,1437,392,299,135,603,36,4776.56
2023-11-13,Dallas,964,229,163,64,495,14,1645.92
2023-11-13,Houston,1006,247,177,68,508,18,2486.21
2023-11-13,Los_Angeles,2724,950,659,332,758,71,9918.1
2023-11-13,New_York,3467,1187,866,485,896,86,11583.36
2023-11-13,Philadelphia,1206,320,218,100,550,35,4690.04
2023-11-13,Phoenix,824,182,126,44,455,26,3686.88
2023-11-14,Atlanta,886,195,150,60,467,10,1390.44
2023-11-14,Chicago,1546,445,318,155,606,35,4852.22
2023-11-14,Dallas,903,207,150,62,470,28,4065.37
2023-11-14,Houston,1062,270,197,70,508,31,4223.4400000000005
2023-11-14,Los_Angeles,2632,853,627,348,779,64,8423.68
2023-11-14,New_York,3424,1168,850,494,890,97,12657.1
2023-11-14,Philadelphia,1221,329,231,98,545,27,3828.08
2023-11-14,Phoenix,808,177,125,48,449,23,3223.69
2023-11-15,Atlanta,899,206,148,54,483,24,3207.39
2023-11-15,Chicago,1538,432,335,155,601,50,6719.34
2023-11-15,Dallas,1101,327,204,67,485,25,3473.99
2023-11-15,Houston,1149,341,210,66,516,34,4729.9800000000005
2023-11-15,Los_Angeles,2670,887,644,342,779,64,8617.99
2023-11-15,New_York,3365,1127,842,482,898,84,10922.87
2023-11-15,Philadelphia,1220,322,239,101,541,30,4092.0099999999998
2023-11-15,Phoenix,782,184,121,40,427,18,2361.3
2023-11-16,Atlanta,869,198,147,49,467,21,2736.68
2023-11-16,Chicago,1658,510,371,153,614,44,6056.49
2023-11-16,Dallas,1084,310,202,64,498,24,3276.74
2023-11-16,Houston,1049,257,182,79,525,26,3466.32
2023-11-16,Los_Angeles,2767,904,675,373,803,76,10192.210000000001
2023-11-16,New_York,3592,1210,897,542,932,87,12247.210000000001
2023-11-16,Philadelphia,1307,353,267,123,556,34,4553.14
2023-11-16,Phoenix,814,175,134,48,455,18,2452.24
2023-11-17,Atlanta,1015,248,172,69,508,20,2835.27
2023-11-17,Chicago,1705,503,380,188,620,34,4711.74
2023-11-17,Dallas,1016,251,182,69,504,27,3655.66
2023-11-17,Houston,1088,266,200,82,532,26,3396.88
2023-11-17,Los_Angeles,3002,1021,735,406,823,70,9571.96
2023-11-17,New_York,3674,1231,932,551,952,82,11214.95
2023-11-17,Philadelphia,1343,358,273,123,585,26,3407.86
2023-11-17,Phoenix,876,199,156,59,458,20,2646.43
2023-11-18,Atlanta,774,160,118,39,446,16,2076.93
2023-11-18,Chicago,1330,363,270,111,574,42,5514.71
2023-11-18,Dallas,816,172,126,47,469,21,2771.2
2023-11-18,Houston,937,222,159,64,480,20,2952.72
2023-11-18,Los_Angeles,2202,695,513,267,706,59,8373.81
2023-11-18,New_York,2746,886,665,378,805,67,8943.52
2023-11-18,Philadelphia,1176,344,240,73,501,32,4508.23
2023-11-18,Phoenix,741,186,119,22,398,15,2086.64
2023-11-19,Atlanta,754,175,116,31,407,16,2114.4
2023-11-19,Chicago,1220,334,233,99,529,30,4192.86
2023-11-19,Dallas,764,178,124,30,420,18,2276.96
2023-11-19,Houston,1421,593,301,39,455,48,7227.33
2023-11-19,Los_Angeles,2178,727,505,239,685,57,7604.22
2023-11-19,New_York,2781,889,684,385,809,63,8181.4
2023-11-19,Philadelphia,985,251,174,65,477,14,1807.1699999999998
2023-11-19,Phoenix,671,137,95,27,397,11,1440.42
2023-11-20,Atlanta,889,200,148,49,484,24,3255.61
2023-11-20,Chicago,1522,427,318,151,615,31,4202.5
2023-11-20,Dallas,914,219,163,61,462,23,3230.79
2023-11-20,Houston,1079,266,197,84,526,32,4094.96
2023-11-20,Los_Angeles,2590,820,619,346,795,54,7108.34
2023-11-20,New_York,3420,1146,855,494,910,100,13285.39
2023-11-20,Philadelphia,1235,327,238,103,557,29,3832.55
2023-11-20,Phoenix,857,191,134,46,475,24,3328.64
2023-11-21,Atlanta,845,187,137,47,461,26,3594.59
2023-11-21,Chicago,1515,446,313,145,589,36,4946.5199999999995
2023-11-21,Dallas,915,226,153,50,472,35,4827.46
2023-11-21,Houston,1083,280,191,81,513,43,5719.6
2023-11-21,Los_Angeles,2570,833,600,341,773,65,8828.37
2023-11-21,New_York,3450,1187,855,489,886,88,11696.44
2023-11-21,Philadelphia,1308,364,260,106,556,28,3562.95
2023-11-21,Phoenix,814,187,130,39,441,26,3433.08
2023-11-22,Atlanta,930,222,154,56,482,23,3134.23
2023-11-22,Chicago,1564,455,331,149,612,47,6656.52
2023-11-22,Dallas,926,222,164,54,479,27,3836.4
2023-11-22,Houston,1021,239,179,73,518,21,2702.38
2023-11-22,Los_Angeles,2549,802,607,337,789,53,7027.5599999999995
2023-11-22,New_York,3460,1177,851,500,908,83,11405.09
2023-11-22,Philadelphia,1216,304,234,103,566,34,4885.55
2023-11-22,Phoenix,896,213,155,51,464,21,2773.63
2023-11-23,Atlanta,918,292,163,33,413,33,4443.03
2023-11-23,Chicago,1177,305,228,97,538,24,3373.12
2023-11-23,Dallas,715,150,105,36,412,19,2675.17
2023-11-23,Houston,857,211,138,42,456,22,2855.65
2023-11-23,Los_Angeles,1980,597,443,234,699,49,6375.63
2023-11-23,New_York,2720,889,650,368,800,66,8778.34
2023-11-23,Philadelphia,984,238,174,56,496,22,2825.48
2023-11-23,Phoenix,613,113,78,22,396,10,1489.75
2023-11-24,Atlanta,712,142,110,35,418,23,2865.61
2023-11-24,Chicago,1239,331,241,99,551,30,4200.5
2023-11-24,Dallas,730,141,112,36,436,17,2212.76
2023-11-24,Houston,948,276,170,38,447,18,2367.61
2023-11-24,Los_Angeles,2123,646,491,259,713,62,8270.83
2023-11-24,New_York,2725,872,658,363,822,76,9810.32
2023-11-24,Philadelphia,987,245,173,65,494,31,4165.98
2023-11-24,Phoenix,668,147,96,23,391,14,1926.74
2023-11-25,Atlanta,771,173,121,49,414,27,3640.1
2023-11-25,Chicago,1343,391,271,114,554,35,4579.86
2023-11-25,Dallas,837,190,138,38,458,27,3870.1800000000003
2023-11-25,Houston,881,193,150,52,478,20,2613.95
2023-11-25,Los_Angeles,2148,670,503,252,712,59,8564.82
2023-11-25,New_York,3005,1031,734,392,814,77,10347.18
2023-11-25,Philadelphia,1032,248,194,76,508,28,3943.54
2023-11-25,Phoenix,703,140,104,33,417,24,3166.87
2023-11-26,Atlanta,732,151,105,31,433,19,2352.3
2023-11-26,Chicago,1216,322,235,101,543,23,3065.69
2023-11-26,Dallas,799,171,119,44,446,21,2892.96
2023-11-26,Houston,821,194,131,37,445,15,1963.08
2023-11-26,Los_Angeles,2120,673,485,244,700,58,7733.0599999999995
2023-11-26,New_York,2767,904,678,375,794,88,11801.0
2023-11-26,Philadelphia,1029,242,188,73,517,21,2795.5099999999998
2023-11-26,Phoenix,665,129,98,22,405,20,2510.8
2023-11-27,Atlanta,885,202,149,47,478,36,4953.12
2023-11-27,Chicago,1372,377,270,132,587,29,3869.78
2023-11-27,Dallas,969,230,168,73,493,25,3293.07
2023-11-27,Houston,960,231,168,67,485,20,2685.55
2023-11-27,Los_Angeles,2540,831,596,332,769,59,7905.62
2023-11-27,New_York,3393,1151,852,487,879,63,8542.2
2023-11-27,Philadelphia,1299,384,269,93,545,30,4064.43
2023-11-27,Phoenix,817,177,136,49,448,29,3977.1
2023-11-28,Atlanta,902,206,147,50,485,30,4164.04
2023-11-28,Chicago,1565,458,336,148,609,36,5140.96
2023-11-28,Dallas,957,223,170,57,489,25,3318.89
2023-11-28,Houston,1162,337,232,71,503,26,3481.5
2023-11-28,Los_Angeles,2656,852,632,364,798,75,10310.62
2023-11-28,New_York,3517,1194,872,510,919,65,8962.0
2023-11-28,Philadelphia,1345,396,278,98,562,39,5293.74
2023-11-28,Phoenix,861,192,136,52,465,22,3082.91
2023-11-29,Atlanta,897,229,155,34,458,36,5054.77
2023-11-29,Chicago,1494,426,308,146,595,37,5068.95
2023-11-29,Dallas,1152,352,212,59,501,27,3636.12
2023-11-29,Houston,975,230,172,66,493,27,3825.98
2023-11-29,Los_Angeles,2495,788,597,331,765,54,7356.87
2023-11-29,New_York,3633,1294,917,495,900,99,12938.24
2023-11-29,Philadelphia,1275,347,252,116,537,37,4818.89
2023-11-29,Phoenix,868,206,141,50,453,21,2972.9
2023-11-30,Atlanta,912,203,153,66,486,15,2061.08
2023-11-30,Chicago,1478,420,306,144,601,47,6436.0199999999995
2023-11-30,Dallas,1016,243,182,77,511,18,2489.26
2023-11-30,Houston,1047,258,192,76,517,22,2958.77
2023-11-30,Los_Angeles,2747,876,662,386,818,67,8872.21
2023-11-30,New_York,3491,1167,873,514,925,81,10927.29
2023-11-30,Philadelphia,1283,343,263,118,555,35,4607.65
2023-11-30,Phoenix,833,195,135,44,451,21,2811.08
2023-12-01,Atlanta,871,196,143,58,471,18,2674.58
2023-12-01,Chicago,1614,502,338,147,611,42,5943.39
2023-12-01,Dallas,927,229,170,60,457,21,2767.98
2023-12-01,Houston,1001,241,183,73,497,27,3520.2
2023-12-01,Los_Angeles,2633,839,630,361,794,81,11345.48
2023-12-01,New_York,3415,1135,860,500,911,92,12989.76
2023-12-01,Philadelphia,1318,358,266,117,564,30,3945.56
2023-12-01,Phoenix,830,185,130,46,461,18,2327.19
2023-12-02,Atlanta,664,125,102,28,404,17,2155.61
2023-12-02,Chicago,1339,408,277,96,547,37,4686.01
2023-12-02,Dallas,855,225,138,42,433,25,3183.55
2023-12-02,Houston,832,194,129,48,450,22,3014.14
2023-12-02,Los_Angeles,2002,614,452,232,694,49,6662.13
2023-12-02,New_York,2713,873,655,358,815,64,9189.210000000001
2023-12-02,Philadelphia,964,243,169,66,474,28,3961.1
2023-12-02,Phoenix,632,111,82,25,407,18,2467.34
2023-12-03,Atlanta,623,115,82,23,397,18,2528.05
2023-12-03,Chicago,1113,283,216,81,519,31,4445.650000000001
2023-12-03,Dallas,709,146,106,28,423,13,1770.05
2023-12-03,Houston,763,170,119,38,423,25,3569.4
2023-12-03,Los_Angeles,1965,598,436,228,686,47,6153.27
2023-12-03,New_York,2474,783,583,336,768,51,7048.65
2023-12-03,Philadelphia,946,218,164,53,499,27,3690.0099999999998
2023-12-03,Phoenix,623,118,74,24,396,16,2173.44
2023-12-04,Atlanta,915,215,155,59,470,21,2970.46
2023-12-04,Chicago,1346,369,257,117,579,45,6110.12
2023-12-04,Dallas,970,258,171,60,453,22,3100.73
2023-12-04,Houston,978,238,165,70,487,23,3115.81
2023-12-04,Los_Angeles,2446,789,575,310,742,75,10260.65
2023-12-04,New_York,3208,1077,789,454,860,77,10218.03
2023-12-04,Philadelphia,1353,438,277,90,522,33,4523.599999999999
2023-12-04,Phoenix,770,177,121,41,416,22,2949.99
2023-12-05,Atlanta,808,181,126,41,451,24,3476.02
2023-12-05,Chicago,1413,401,288,124,577,31,4318.38
2023-12-05,Dallas,847,184,139,46,467,21,2773.9900000000002
2023-12-05,Houston,930,221,159,66,479,19,2540.41
2023-12-05,Los_Angeles,2502,809,582,318,772,59,7594.17
2023-12-05,New_York,3218,1089,802,444,857,73,10278.62
2023-12-05,Philadelphia,1119,278,217,89,532,29,3964.89
2023-12-05,Phoenix,777,171,116,43,436,23,3296.03
2023-12-06,Atlanta,860,198,141,48,466,32,4404.7300000000005
2023-12-06,Chicago,1333,371,278,123,551,22,3063.29
2023-12-06,Dallas,881,197,146,54,474,21,2978.91
2023-12-06,Houston,905,212,161,68,458,21,2823.88
2023-12-06,Los_Angeles,2343,738,554,300,736,61,8495.48
2023-12-06,New_York,3161,1047,790,446,861,69,9381.82
2023-12-06,Philadelphia,1146,294,216,97,527,29,3752.32
2023-12-06,Phoenix,718,144,105,38,423,24,3073.26
2023-12-07,Atlanta,831,187,134,43,457,16,1980.54
2023-12-07,Chicago,1495,418,312,149,610,40,5299.68
2023-12-07,Dallas,979,262,183,49,466,34,4614.5
2023-12-07,Houston,990,238,180,69,491,24,3238.31
2023-12-07,Los_Angeles,2510,809,592,323,769,57,7410.17
2023-12-07,New_York,3392,1151,844,490,883,79,10602.58
2023-12-07,Philadelphia,1221,319,233,100,557,13,1908.75
2023-12-07,Phoenix,841,188,135,46,459,27,3848.05
2023-12-08,Atlanta,870,203,134,40,485,20,2651.22
2023-12-08,Chicago,1570,455,329,163,611,40,5531.31
2023-12-08,Dallas,983,244,171,70,485,12,1711.47
2023-12-08,Houston,993,236,177,71,504,19,2680.31
2023-12-08,Los_Angeles,2711,913,655,351,776,65,8667.98
2023-12-08,New_York,3459,1160,870,511,902,92,12560.039999999999
2023-12-08,Philadelphia,1180,303,237,103,532,36,4871.33
2023-12-08,Phoenix,799,179,133,40,439,22,3287.7400000000002
2023-12-09,Atlanta,685,136,93,33,416,24,3395.88
2023-12-09,Chicago,1315,405,260,97,535,31,4319.08
2023-12-09,Dallas,710,147,101,32,420,21,2765.05
2023-12-09,Houston,786,162,121,38,452,16,2191.43
2023-12-09,Los_Angeles,1995,624,463,214,672,50,7265.32
2023-12-09,New_York,2711,903,652,352,788,66,9009.51
2023-12-09,Philadelphia,972,237,166,56,500,26,3718.75
2023-12-09,Phoenix,661,136,88,22,410,14,1677.82
2023-12-10,Atlanta,670,153,91,24,384,21,2749.49
2023-12-10,Chicago,1088,273,198,83,522,21,2924.54
2023-12-10,Dallas,697,149,97,26,408,13,1713.76
2023-12-10,Houston,772,178,120,32,424,16,2160.14
2023-12-10,Los_Angeles,2059,653,471,231,676,60,8408.17
2023-12-10,New_York,2577,848,610,334,761,60,8299.53
2023-12-10,Philadelphia,1016,275,178,49,500,28,3953.6
2023-12-10,Phoenix,920,304,171,26,404,30,4573.75
2023-12-11,Atlanta,851,188,139,60,460,19,2581.47
2023-12-11,Chicago,1376,381,280,136,572,27,3670.7
2023-12-11,Dallas,906,227,165,47,459,23,2922.6
2023-12-11,Houston,962,224,175,65,492,27,3940.95
2023-12-11,Los_Angeles,2348,737,545,313,744,52,6842.11
2023-12-11,New_York,3168,1063,790,442,859,84,10968.34
2023-12-11,Philadelphia,1161,305,223,87,537,27,3661.17
2023-12-11,Phoenix,747,139,117,33,451,19,2383.07
2023-12-12,Atlanta,850,196,146,50,446,23,3162.84
2023-12-12,Chicago,1376,378,274,119,593,32,4426.74
2023-12-12,Dallas,1064,313,203,56,482,35,4473.94
2023-12-12,Houston,922,214,160,57,485,25,3576.07
2023-12-12,Los_Angeles,2345,743,556,298,738,50,6777.91
2023-12-12,New_York,3249,1081,804,463,886,77,10163.51
2023-12-12,Philadelphia,1410,466,294,94,538,34,4411.92
2023-12-12,Phoenix,713,142,102,36,429,17,2454.96
2023-12-13,Atlanta,800,183,128,36,440,15,1836.67
2023-12-13,Chicago,1486,443,300,133,583,36,4899.0
2023-12-13,Dallas,913,213,160,59,471,20,2497.93
2023-12-13,Houston,966,234,173,66,480,21,2863.46
2023-12-13,Los_Angeles,2442,790,585,302,750,49,6795.11
2023-12-13,New_York,3117,1022,773,450,856,77,10268.1
2023-12-13,Philadelphia,1229,333,233,99,545,29,4037.93
2023-12-13,Phoenix,792,168,127,45,439,16,2128.98
2023-12-14,Atlanta,944,251,162,51,460,32,4423.94
2023-12-14,Chicago,1434,397,283,130,610,31,4309.7
2023-12-14,Dallas,851,190,137,51,467,19,2623.21
2023-12-14,Houston,959,225,170,69,476,26,3766.3599999999997
2023-12-14,Los_Angeles,2557,820,603,341,774,77,10304.17
2023-12-14,New_York,3282,1107,805,477,868,63,8495.27
2023-12-14,Philadelphia,1173,314,220,86,540,27,3908.95
2023-12-14,Phoenix,806,181,128,45,439,22,2968.2400000000002
2023-12-15,Atlanta,1224,416,241,59,490,32,4579.4
2023-12-15,Chicago,1551,443,325,148,619,32,4326.35
2023-12-15,Dallas,988,241,169,64,498,26,3216.46
2023-12-15,Houston,1016,247,178,73,507,28,3679.33
2023-12-15,Los_Angeles,2716,885,643,367,804,66,9065.01
2023-12-15,New_York,3401,1125,846,497,919,83,10822.28
2023-12-15,Philadelphia,1299,382,264,97,539,37,4826.12
2023-12-15,Phoenix,864,197,142,51,461,27,3752.62
2023-12-16,Atlanta,743,162,107,25,427,20,2853.48
2023-12-16,Chicago,1207,334,233,90,531,32,4350.72
2023-12-16,Dallas,820,202,129,43,433,23,3327.27
2023-12-16,Houston,758,166,102,31,443,20,2782.29
2023-12-16,Los_Angeles,2174,716,499,248,687,66,8763.26
2023-12-16,New_York,2748,912,672,355,797,71,9530.7
2023-12-16,Philadelphia,1039,257,185,72,509,31,4177.25
2023-12-16,Phoenix,623,120,77,20,391,18,2485.74
2023-12-17,Atlanta,680,134,95,23,419,22,3053.68
2023-12-17,Chicago,1093,290,205,81,503,27,3673.25
2023-12-17,Dallas,656,124,92,28,400,12,1491.88
2023-12-17,Houston,725,145,105,32,437,9,1128.81
2023-12-17,Los_Angeles,1914,580,430,223,671,49,6652.849999999999
2023-12-17,New_York,2567,851,612,321,762,57,8161.92
2023-12-17,Philadelphia,944,204,161,64,507,28,3573.01
2023-12-17,Phoenix,729,196,116,19,387,23,3454.15
2023-12-18,Atlanta,790,160,119,41,468,27,3357.11
2023-12-18,Chicago,1352,361,281,124,585,40,5386.8
2023-12-18,Dallas,806,172,127,50,454,22,3096.93
2023-12-18,Houston,979,240,174,68,490,29,3824.13
2023-12-18,Los_Angeles,2447,802,592,291,747,65,8541.91
2023-12-18,New_York,3226,1072,804,467,875,80,10849.97
2023-12-18,Philadelphia,1287,384,251,92,544,30,3685.94
2023-12-18,Phoenix,758,153,123,37,437,26,3493.0
2023-12-19,Atlanta,828,180,138,49,452,18,2453.8
2023-12-19,Chicago,1375,378,278,120,586,31,4421.36
2023-12-19,Dallas,963,256,160,47,480,16,2309.52
2023-12-19,Houston,935,210,161,55,492,21,2880.57
2023-12-19,Los_Angeles,2430,769,573,311,759,58,7961.88
2023-12-19,New_York,3236,1101,791,439,878,80,10807.25
2023-12-19,Philadelphia,1307,386,260,101,542,29,3755.35
2023-12-19,Phoenix,735,159,106,30,424,12,1609.98
2023-12-20,Atlanta,837,194,132,40,455,17,2234.18
2023-12-20,Chicago,1334,365,265,119,573,27,3889.79
2023-12-20,Dallas,900,213,148,49,471,19,2681.45
2023-12-20,Houston,962,231,159,59,500,31,4141.85
2023-12-20,Los_Angeles,2316,727,546,286,740,66,9081.63
2023-12-20,New_York,3101,1026,767,436,853,76,9605.02
2023-12-20,Philadelphia,1159,305,215,94,526,32,4193.36
2023-12-20,Phoenix,748,160,112,34,435,17,2282.44
2023-12-21,Atlanta,851,179,142,49,476,22,2808.35
2023-12-21,Chicago,1468,397,306,143,612,36,4842.41
2023-12-21,Dallas,887,201,149,58,471,23,2857.86
2023-12-21,Houston,920,208,157,60,490,26,3575.02
2023-12-21,Los_Angeles,2542,853,605,312,764,70,9539.16
2023-12-21,New_York,3355,1109,839,493,898,89,12598.74
2023-12-21,Philadelphia,1201,317,229,98,549,26,3508.16
2023-12-21,Phoenix,766,152,119,42,448,23,3027.39
2023-12-22,Atlanta,899,197,155,54,484,19,2666.69
2023-12-22,Chicago,1613,469,342,172,620,42,6170.25
2023-12-22,Dallas,1022,259,177,64,507,23,3010.9300000000003
2023-12-22,Houston,1096,282,200,82,519,27,3747.61
2023-12-22,Los_Angeles,2620,849,631,341,782,66,9254.73
2023-12-22,New_York,3560,1187,903,524,930,104,14091.94
2023-12-22,Philadelphia,1280,349,249,104,563,35,5027.89
2023-12-22,Phoenix,892,227,153,44,459,23,3315.7
2023-12-23,Atlanta,763,171,120,30,434,30,4194.21
2023-12-23,Chicago,1288,370,264,98,548,37,4903.65
2023-12-23,Dallas,797,171,127,32,455,20,2551.1
2023-12-23,Houston,757,153,113,40,443,19,2606.05
2023-12-23,Los_Angeles,2238,725,525,261,706,66,8868.2
2023-12-23,New_York,2637,859,625,349,786,78,10024.86
2023-12-23,Philadelphia,930,227,156,58,480,23,3010.54
2023-12-23,Phoenix,680,146,98,20,405,22,2899.51
2023-12-24,Atlanta,647,123,88,21,404,12,1472.73
2023-12-24,Chicago,1113,282,215,87,513,40,5559.18
2023-12-24,Dallas,692,144,98,24,412,11,1539.24
2023-12-24,Houston,744,152,115,30,436,23,3073.6
2023-12-24,Los_Angeles,1953,606,437,218,680,46,5882.63
2023-12-24,New_York,2581,830,629,336,767,62,8438.23
2023-12-24,Philadelphia,988,262,179,51,480,25,3385.36
2023-12-24,Phoenix,622,126,79,25,378,15,2224.46
2023-12-25,Atlanta,651,121,100,28,396,14,1977.65
2023-12-25,Chicago,1105,287,202,81,519,23,2954.99
2023-12-25,Dallas,672,127,98,27,412,17,2448.69
2023-12-25,Houston,733,149,103,34,439,17,2322.64
2023-12-25,Los_Angeles,2100,746,483,200,653,48,6886.45
2023-12-25,New_York,2355,753,548,293,747,61,8308.6
2023-12-25,Philadelphia,829,180,145,50,444,17,2118.07
2023-12-25,Phoenix,584,97,71,18,392,15,2162.82
2023-12-26,Atlanta,682,150,98,18,400,19,2720.46
2023-12-26,Chicago,1101,286,200,81,517,28,3991.92
2023-12-26,Dallas,686,142,100,26,405,20,2535.33
2023-12-26,Houston,703,138,103,30,422,18,2585.5299999999997
2023-12-26,Los_Angeles,2011,650,456,205,664,48,6764.35
2023-12-26,New_York,2385,764,559,305,730,66,9023.68
2023-12-26,Philadelphia,1044,289,189,56,482,37,5059.2300000000005
2023-12-26,Phoenix,560,92,67,16,374,15,2202.22
2023-12-27,Atlanta,779,154,118,40,457,18,2365.32
2023-12-27,Chicago,1416,392,294,126,590,30,4194.87
2023-12-27,Dallas,900,206,147,54,481,25,3294.45
2023-12-27,Houston,1060,288,192,63,508,32,4310.7
2023-12-27,Los_Angeles,2430,782,569,304,751,57,7653.28
2023-12-27,New_York,3049,994,755,437,845,95,13070.34
2023-12-27,Philadelphia,1367,449,278,98,528,37,5076.2
2023-12-27,Phoenix,778,172,123,32,440,15,2039.81
2023-12-28,Atlanta,891,199,154,61,467,26,3556.17
2023-12-28,Chicago,1538,459,326,142,592,39,5300.08
2023-12-28,Dallas,964,248,172,67,467,26,3423.35
2023-12-28,Houston,1015,248,179,65,513,32,4158.3
2023-12-28,Los_Angeles,2445,777,573,319,757,73,10172.17
2023-12-28,New_York,3404,1180,858,468,872,75,10412.23
2023-12-28,Philadelphia,1142,283,218,99,534,36,4496.5
2023-12-28,Phoenix,861,218,141,44,448,24,3155.71
2023-12-29,Atlanta,951,231,165,63,480,23,3201.52
2023-12-29,Chicago,1598,457,339,162,627,47,6398.92
2023-12-29,Dallas,973,236,171,62,494,20,2800.2799999999997
2023-12-29,Houston,1022,240,186,76,514,20,2554.15
2023-12-29,Los_Angeles,2658,852,646,357,788,73,10048.49
2023-12-29,New_York,3711,1278,941,540,927,108,14309.92
2023-12-29,Philadelphia,1317,364,265,106,569,47,6171.0599999999995
2023-12-29,Phoenix,847,188,137,48,462,15,1964.12
2023-12-30,Atlanta,788,187,118,32,435,16,2227.61
2023-12-30,Chicago,1181,318,225,93,534,27,3471.82
2023-12-30,Dallas,781,186,124,33,420,18,2612.36
2023-12-30,Houston,894,220,147,54,457,18,2475.6800000000003
2023-12-30,Los_Angeles,2163,690,501,264,693,55,7588.26
2023-12-30,New_York,3005,1068,725,373,813,80,10977.72
2023-12-30,Philadelphia,1018,241,186,68,516,28,3852.9700000000003
2023-12-30,Phoenix,652,128,90,17,407,13,1765.56
2023-12-31,Atlanta,593,126,80,10,364,11,1341.11
2023-12-31,Chicago,991,286,171,51,468,22,2700.9300000000003
2023-12-31,Dallas,540,94,61,12,360,12,1699.14
2023-12-31,Houston,609,109,86,18,386,16,2125.55
2023-12-31,Los_Angeles,1589,490,342,141,589,47,6386.85
2023-12-31,New_York,2022,635,470,231,668,52,7272.56
2023-12-31,Philadelphia,699,145,91,22,428,20,2685.07
2023-12-31,Phoenix,472,56,40,5,362,10,1306.1
